N,TipDate,Algoritm,TimpSec
100,Random,BubbleSort,0.000032
100,Random,InsertionSort,0.000012
100,Random,SelectionSort,0.000016
100,Random,ShellSort,0.000011
100,Random,QuickSort,0.000007
100,Random,MergeSort,0.000035
100,Sortat,BubbleSort,0.000014
100,Sortat,InsertionSort,0.000001
100,Sortat,SelectionSort,0.000026
100,Sortat,ShellSort,0.000011
100,Sortat,QuickSort,0.000030
100,Sortat,MergeSort,0.000088
100,Inversat,BubbleSort,0.000036
100,Inversat,InsertionSort,0.000021
100,Inversat,SelectionSort,0.000017
100,Inversat,ShellSort,0.000005
100,Inversat,QuickSort,0.000025
100,Inversat,MergeSort,0.000047
100,AproapeSortat,BubbleSort,0.000021
100,AproapeSortat,InsertionSort,0.000004
100,AproapeSortat,SelectionSort,0.000018
100,AproapeSortat,ShellSort,0.000007
100,AproapeSortat,QuickSort,0.000016
100,AproapeSortat,MergeSort,0.000031
200,Random,BubbleSort,0.000099
200,Random,InsertionSort,0.000031
200,Random,SelectionSort,0.000059
200,Random,ShellSort,0.000023
200,Random,QuickSort,0.000017
200,Random,MergeSort,0.000076
200,Sortat,BubbleSort,0.000055
200,Sortat,InsertionSort,0.000002
200,Sortat,SelectionSort,0.000049
200,Sortat,ShellSort,0.000008
200,Sortat,QuickSort,0.000088
200,Sortat,MergeSort,0.000057
200,Inversat,BubbleSort,0.000101
200,Inversat,InsertionSort,0.000057
200,Inversat,SelectionSort,0.000049
200,Inversat,ShellSort,0.000012
200,Inversat,QuickSort,0.000070
200,Inversat,MergeSort,0.000065
200,AproapeSortat,BubbleSort,0.000061
200,AproapeSortat,InsertionSort,0.000006
200,AproapeSortat,SelectionSort,0.000050
200,AproapeSortat,ShellSort,0.000013
200,AproapeSortat,QuickSort,0.000048
200,AproapeSortat,MergeSort,0.000068
300,Random,BubbleSort,0.000195
300,Random,InsertionSort,0.000067
300,Random,SelectionSort,0.000155
300,Random,ShellSort,0.000060
300,Random,QuickSort,0.000029
300,Random,MergeSort,0.000147
300,Sortat,BubbleSort,0.000115
300,Sortat,InsertionSort,0.000003
300,Sortat,SelectionSort,0.000108
300,Sortat,ShellSort,0.000010
300,Sortat,QuickSort,0.000188
300,Sortat,MergeSort,0.000093
300,Inversat,BubbleSort,0.000195
300,Inversat,InsertionSort,0.000130
300,Inversat,SelectionSort,0.000108
300,Inversat,ShellSort,0.000014
300,Inversat,QuickSort,0.000146
300,Inversat,MergeSort,0.000088
300,AproapeSortat,BubbleSort,0.000124
300,AproapeSortat,InsertionSort,0.000008
300,AproapeSortat,SelectionSort,0.000097
300,AproapeSortat,ShellSort,0.000019
300,AproapeSortat,QuickSort,0.000046
300,AproapeSortat,MergeSort,0.000089
400,Random,BubbleSort,0.000297
400,Random,InsertionSort,0.000102
400,Random,SelectionSort,0.000225
400,Random,ShellSort,0.000052
400,Random,QuickSort,0.000037
400,Random,MergeSort,0.000182
400,Sortat,BubbleSort,0.000191
400,Sortat,InsertionSort,0.000001
400,Sortat,SelectionSort,0.000183
400,Sortat,ShellSort,0.000015
400,Sortat,QuickSort,0.000300
400,Sortat,MergeSort,0.000113
400,Inversat,BubbleSort,0.000309
400,Inversat,InsertionSort,0.000203
400,Inversat,SelectionSort,0.000166
400,Inversat,ShellSort,0.000016
400,Inversat,QuickSort,0.000274
400,Inversat,MergeSort,0.000115
400,AproapeSortat,BubbleSort,0.000214
400,AproapeSortat,InsertionSort,0.000019
400,AproapeSortat,SelectionSort,0.000163
400,AproapeSortat,ShellSort,0.000030
400,AproapeSortat,QuickSort,0.000032
400,AproapeSortat,MergeSort,0.000123
500,Random,BubbleSort,0.000446
500,Random,InsertionSort,0.000181
500,Random,SelectionSort,0.000376
500,Random,ShellSort,0.000067
500,Random,QuickSort,0.000048
500,Random,MergeSort,0.000227
500,Sortat,BubbleSort,0.000397
500,Sortat,InsertionSort,0.000003
500,Sortat,SelectionSort,0.000244
500,Sortat,ShellSort,0.000027
500,Sortat,QuickSort,0.000548
500,Sortat,MergeSort,0.000152
500,Inversat,BubbleSort,0.000469
500,Inversat,InsertionSort,0.000306
500,Inversat,SelectionSort,0.000251
500,Inversat,ShellSort,0.000022
500,Inversat,QuickSort,0.000366
500,Inversat,MergeSort,0.000145
500,AproapeSortat,BubbleSort,0.000293
500,AproapeSortat,InsertionSort,0.000026
500,AproapeSortat,SelectionSort,0.000247
500,AproapeSortat,ShellSort,0.000040
500,AproapeSortat,QuickSort,0.000048
500,AproapeSortat,MergeSort,0.000144
600,Random,BubbleSort,0.000630
600,Random,InsertionSort,0.000228
600,Random,SelectionSort,0.000387
600,Random,ShellSort,0.000085
600,Random,QuickSort,0.000052
600,Random,MergeSort,0.000205
600,Sortat,BubbleSort,0.000376
600,Sortat,InsertionSort,0.000002
600,Sortat,SelectionSort,0.000348
600,Sortat,ShellSort,0.000018
600,Sortat,QuickSort,0.000643
600,Sortat,MergeSort,0.000171
600,Inversat,BubbleSort,0.000719
600,Inversat,InsertionSort,0.000524
600,Inversat,SelectionSort,0.000490
600,Inversat,ShellSort,0.000046
600,Inversat,QuickSort,0.000723
600,Inversat,MergeSort,0.000256
600,AproapeSortat,BubbleSort,0.000643
600,AproapeSortat,InsertionSort,0.000050
600,AproapeSortat,SelectionSort,0.000376
600,AproapeSortat,ShellSort,0.000054
600,AproapeSortat,QuickSort,0.000082
600,AproapeSortat,MergeSort,0.000222
700,Random,BubbleSort,0.000983
700,Random,InsertionSort,0.000315
700,Random,SelectionSort,0.000504
700,Random,ShellSort,0.000087
700,Random,QuickSort,0.000053
700,Random,MergeSort,0.000264
700,Sortat,BubbleSort,0.000526
700,Sortat,InsertionSort,0.000004
700,Sortat,SelectionSort,0.000468
700,Sortat,ShellSort,0.000021
700,Sortat,QuickSort,0.000910
700,Sortat,MergeSort,0.000238
700,Inversat,BubbleSort,0.001156
700,Inversat,InsertionSort,0.000787
700,Inversat,SelectionSort,0.000708
700,Inversat,ShellSort,0.000056
700,Inversat,QuickSort,0.000966
700,Inversat,MergeSort,0.000312
700,AproapeSortat,BubbleSort,0.000644
700,AproapeSortat,InsertionSort,0.000079
700,AproapeSortat,SelectionSort,0.000759
700,AproapeSortat,ShellSort,0.000091
700,AproapeSortat,QuickSort,0.000116
700,AproapeSortat,MergeSort,0.000280
800,Random,BubbleSort,0.001338
800,Random,InsertionSort,0.000449
800,Random,SelectionSort,0.000653
800,Random,ShellSort,0.000103
800,Random,QuickSort,0.000060
800,Random,MergeSort,0.000352
800,Sortat,BubbleSort,0.000850
800,Sortat,InsertionSort,0.000005
800,Sortat,SelectionSort,0.000804
800,Sortat,ShellSort,0.000040
800,Sortat,QuickSort,0.001551
800,Sortat,MergeSort,0.000383
800,Inversat,BubbleSort,0.001695
800,Inversat,InsertionSort,0.000849
800,Inversat,SelectionSort,0.000868
800,Inversat,ShellSort,0.000054
800,Inversat,QuickSort,0.001142
800,Inversat,MergeSort,0.000260
800,AproapeSortat,BubbleSort,0.000857
800,AproapeSortat,InsertionSort,0.000091
800,AproapeSortat,SelectionSort,0.000732
800,AproapeSortat,ShellSort,0.000083
800,AproapeSortat,QuickSort,0.000158
800,AproapeSortat,MergeSort,0.000256
900,Random,BubbleSort,0.001366
900,Random,InsertionSort,0.000543
900,Random,SelectionSort,0.001053
900,Random,ShellSort,0.000153
900,Random,QuickSort,0.000096
900,Random,MergeSort,0.000468
900,Sortat,BubbleSort,0.001678
900,Sortat,InsertionSort,0.000007
900,Sortat,SelectionSort,0.001305
900,Sortat,ShellSort,0.000041
900,Sortat,QuickSort,0.001857
900,Sortat,MergeSort,0.000382
900,Inversat,BubbleSort,0.001994
900,Inversat,InsertionSort,0.000977
900,Inversat,SelectionSort,0.000821
900,Inversat,ShellSort,0.000060
900,Inversat,QuickSort,0.001439
900,Inversat,MergeSort,0.000351
900,AproapeSortat,BubbleSort,0.001449
900,AproapeSortat,InsertionSort,0.000120
900,AproapeSortat,SelectionSort,0.001270
900,AproapeSortat,ShellSort,0.000107
900,AproapeSortat,QuickSort,0.000157
900,AproapeSortat,MergeSort,0.000404
1000,Random,BubbleSort,0.002145
1000,Random,InsertionSort,0.000698
1000,Random,SelectionSort,0.001195
1000,Random,ShellSort,0.000155
1000,Random,QuickSort,0.000106
1000,Random,MergeSort,0.000406
1000,Sortat,BubbleSort,0.001078
1000,Sortat,InsertionSort,0.000004
1000,Sortat,SelectionSort,0.001189
1000,Sortat,ShellSort,0.000051
1000,Sortat,QuickSort,0.002320
1000,Sortat,MergeSort,0.000372
1000,Inversat,BubbleSort,0.002481
1000,Inversat,InsertionSort,0.001525
1000,Inversat,SelectionSort,0.001065
1000,Inversat,ShellSort,0.000063
1000,Inversat,QuickSort,0.001570
1000,Inversat,MergeSort,0.000307
1000,AproapeSortat,BubbleSort,0.001342
1000,AproapeSortat,InsertionSort,0.000145
1000,AproapeSortat,SelectionSort,0.001323
1000,AproapeSortat,ShellSort,0.000122
1000,AproapeSortat,QuickSort,0.000192
1000,AproapeSortat,MergeSort,0.000298
2000,Random,BubbleSort,0.007295
2000,Random,InsertionSort,0.002428
2000,Random,SelectionSort,0.004095
2000,Random,ShellSort,0.000301
2000,Random,QuickSort,0.000176
2000,Random,MergeSort,0.000654
2000,Sortat,BubbleSort,0.004389
2000,Sortat,InsertionSort,0.000007
2000,Sortat,SelectionSort,0.003690
2000,Sortat,ShellSort,0.000067
2000,Sortat,QuickSort,0.007955
2000,Sortat,MergeSort,0.000636
2000,Inversat,BubbleSort,0.007360
2000,Inversat,InsertionSort,0.005348
2000,Inversat,SelectionSort,0.003938
2000,Inversat,ShellSort,0.000149
2000,Inversat,QuickSort,0.006647
2000,Inversat,MergeSort,0.000599
2000,AproapeSortat,BubbleSort,0.004575
2000,AproapeSortat,InsertionSort,0.000367
2000,AproapeSortat,SelectionSort,0.003797
2000,AproapeSortat,ShellSort,0.000251
2000,AproapeSortat,QuickSort,0.000249
2000,AproapeSortat,MergeSort,0.000574
3000,Random,BubbleSort,0.018636
3000,Random,InsertionSort,0.005461
3000,Random,SelectionSort,0.009276
3000,Random,ShellSort,0.000489
3000,Random,QuickSort,0.000297
3000,Random,MergeSort,0.001027
3000,Sortat,BubbleSort,0.009522
3000,Sortat,InsertionSort,0.000025
3000,Sortat,SelectionSort,0.010332
3000,Sortat,ShellSort,0.000177
3000,Sortat,QuickSort,0.016368
3000,Sortat,MergeSort,0.000871
3000,Inversat,BubbleSort,0.017322
3000,Inversat,InsertionSort,0.011105
3000,Inversat,SelectionSort,0.008952
3000,Inversat,ShellSort,0.000180
3000,Inversat,QuickSort,0.013171
3000,Inversat,MergeSort,0.000891
3000,AproapeSortat,BubbleSort,0.010324
3000,AproapeSortat,InsertionSort,0.001089
3000,AproapeSortat,SelectionSort,0.008660
3000,AproapeSortat,ShellSort,0.000410
3000,AproapeSortat,QuickSort,0.000366
3000,AproapeSortat,MergeSort,0.000904
4000,Random,BubbleSort,0.032971
4000,Random,InsertionSort,0.009815
4000,Random,SelectionSort,0.015868
4000,Random,ShellSort,0.000687
4000,Random,QuickSort,0.000412
4000,Random,MergeSort,0.001383
4000,Sortat,BubbleSort,0.017006
4000,Sortat,InsertionSort,0.000025
4000,Sortat,SelectionSort,0.015977
4000,Sortat,ShellSort,0.000166
4000,Sortat,QuickSort,0.029790
4000,Sortat,MergeSort,0.001069
4000,Inversat,BubbleSort,0.031408
4000,Inversat,InsertionSort,0.022002
4000,Inversat,SelectionSort,0.017788
4000,Inversat,ShellSort,0.000299
4000,Inversat,QuickSort,0.021673
4000,Inversat,MergeSort,0.001285
4000,AproapeSortat,BubbleSort,0.018879
4000,AproapeSortat,InsertionSort,0.001292
4000,AproapeSortat,SelectionSort,0.015658
4000,AproapeSortat,ShellSort,0.000551
4000,AproapeSortat,QuickSort,0.000792
4000,AproapeSortat,MergeSort,0.001189
5000,Random,BubbleSort,0.063640
5000,Random,InsertionSort,0.019255
5000,Random,SelectionSort,0.027144
5000,Random,ShellSort,0.000919
5000,Random,QuickSort,0.000503
5000,Random,MergeSort,0.002168
5000,Sortat,BubbleSort,0.032506
5000,Sortat,InsertionSort,0.000024
5000,Sortat,SelectionSort,0.027016
5000,Sortat,ShellSort,0.000273
5000,Sortat,QuickSort,0.048502
5000,Sortat,MergeSort,0.001465
5000,Inversat,BubbleSort,0.050055
5000,Inversat,InsertionSort,0.032875
5000,Inversat,SelectionSort,0.027250
5000,Inversat,ShellSort,0.000409
5000,Inversat,QuickSort,0.036068
5000,Inversat,MergeSort,0.001632
5000,AproapeSortat,BubbleSort,0.029031
5000,AproapeSortat,InsertionSort,0.001869
5000,AproapeSortat,SelectionSort,0.025216
5000,AproapeSortat,ShellSort,0.000791
5000,AproapeSortat,QuickSort,0.000767
5000,AproapeSortat,MergeSort,0.001517
6000,Random,BubbleSort,0.086643
6000,Random,InsertionSort,0.022737
6000,Random,SelectionSort,0.035592
6000,Random,ShellSort,0.001298
6000,Random,QuickSort,0.000735
6000,Random,MergeSort,0.002273
6000,Sortat,BubbleSort,0.043094
6000,Sortat,InsertionSort,0.000021
6000,Sortat,SelectionSort,0.036119
6000,Sortat,ShellSort,0.000352
6000,Sortat,QuickSort,0.064984
6000,Sortat,MergeSort,0.001726
6000,Inversat,BubbleSort,0.069053
6000,Inversat,InsertionSort,0.043344
6000,Inversat,SelectionSort,0.034876
6000,Inversat,ShellSort,0.000376
6000,Inversat,QuickSort,0.048871
6000,Inversat,MergeSort,0.001637
6000,AproapeSortat,BubbleSort,0.041969
6000,AproapeSortat,InsertionSort,0.002748
6000,AproapeSortat,SelectionSort,0.039264
6000,AproapeSortat,ShellSort,0.000988
6000,AproapeSortat,QuickSort,0.001806
6000,AproapeSortat,MergeSort,0.002176
7000,Random,BubbleSort,0.110941
7000,Random,InsertionSort,0.033276
7000,Random,SelectionSort,0.047511
7000,Random,ShellSort,0.001287
7000,Random,QuickSort,0.000757
7000,Random,MergeSort,0.002386
7000,Sortat,BubbleSort,0.051662
7000,Sortat,InsertionSort,0.000024
7000,Sortat,SelectionSort,0.046116
7000,Sortat,ShellSort,0.000302
7000,Sortat,QuickSort,0.087637
7000,Sortat,MergeSort,0.001995
7000,Inversat,BubbleSort,0.092244
7000,Inversat,InsertionSort,0.059376
7000,Inversat,SelectionSort,0.047768
7000,Inversat,ShellSort,0.000421
7000,Inversat,QuickSort,0.065394
7000,Inversat,MergeSort,0.001912
7000,AproapeSortat,BubbleSort,0.061372
7000,AproapeSortat,InsertionSort,0.003768
7000,AproapeSortat,SelectionSort,0.047022
7000,AproapeSortat,ShellSort,0.001013
7000,AproapeSortat,QuickSort,0.000874
7000,AproapeSortat,MergeSort,0.002135
8000,Random,BubbleSort,0.145280
8000,Random,InsertionSort,0.044160
8000,Random,SelectionSort,0.062080
8000,Random,ShellSort,0.001639
8000,Random,QuickSort,0.000892
8000,Random,MergeSort,0.002852
8000,Sortat,BubbleSort,0.067840
8000,Sortat,InsertionSort,0.000027
8000,Sortat,SelectionSort,0.060800
8000,Sortat,ShellSort,0.000405
8000,Sortat,QuickSort,0.114560
8000,Sortat,MergeSort,0.002386
8000,Inversat,BubbleSort,0.120320
8000,Inversat,InsertionSort,0.078080
8000,Inversat,SelectionSort,0.062400
8000,Inversat,ShellSort,0.000539
8000,Inversat,QuickSort,0.085760
8000,Inversat,MergeSort,0.002282
8000,AproapeSortat,BubbleSort,0.080640
8000,AproapeSortat,InsertionSort,0.004579
8000,AproapeSortat,SelectionSort,0.061440
8000,AproapeSortat,ShellSort,0.001193
8000,AproapeSortat,QuickSort,0.001027
8000,AproapeSortat,MergeSort,0.002541
9000,Random,BubbleSort,0.183870
9000,Random,InsertionSort,0.055890
9000,Random,SelectionSort,0.078570
9000,Random,ShellSort,0.001868
9000,Random,QuickSort,0.001017
9000,Random,MergeSort,0.003251
9000,Sortat,BubbleSort,0.085860
9000,Sortat,InsertionSort,0.000031
9000,Sortat,SelectionSort,0.076950
9000,Sortat,ShellSort,0.000461
9000,Sortat,QuickSort,0.144990
9000,Sortat,MergeSort,0.002719
9000,Inversat,BubbleSort,0.152280
9000,Inversat,InsertionSort,0.098820
9000,Inversat,SelectionSort,0.078975
9000,Inversat,ShellSort,0.000615
9000,Inversat,QuickSort,0.108540
9000,Inversat,MergeSort,0.002601
9000,AproapeSortat,BubbleSort,0.102060
9000,AproapeSortat,InsertionSort,0.005464
9000,AproapeSortat,SelectionSort,0.077760
9000,AproapeSortat,ShellSort,0.001360
9000,AproapeSortat,QuickSort,0.001170
9000,AproapeSortat,MergeSort,0.002896
10000,Random,BubbleSort,0.227000
10000,Random,InsertionSort,0.069000
10000,Random,SelectionSort,0.097000
10000,Random,ShellSort,0.002099
10000,Random,QuickSort,0.001143
10000,Random,MergeSort,0.003654
10000,Sortat,BubbleSort,0.106000
10000,Sortat,InsertionSort,0.000034
10000,Sortat,SelectionSort,0.095000
10000,Sortat,ShellSort,0.000518
10000,Sortat,QuickSort,0.179000
10000,Sortat,MergeSort,0.003056
10000,Inversat,BubbleSort,0.188000
10000,Inversat,InsertionSort,0.122000
10000,Inversat,SelectionSort,0.097500
10000,Inversat,ShellSort,0.000691
10000,Inversat,QuickSort,0.134000
10000,Inversat,MergeSort,0.002923
10000,AproapeSortat,BubbleSort,0.126000
10000,AproapeSortat,InsertionSort,0.006400
10000,AproapeSortat,SelectionSort,0.096000
10000,AproapeSortat,ShellSort,0.001528
10000,AproapeSortat,QuickSort,0.001315
10000,AproapeSortat,MergeSort,0.003255
15000,Random,BubbleSort,0.510750
15000,Random,InsertionSort,0.155250
15000,Random,SelectionSort,0.218250
15000,Random,ShellSort,0.003288
15000,Random,QuickSort,0.001790
15000,Random,MergeSort,0.005722
15000,Sortat,BubbleSort,0.238500
15000,Sortat,InsertionSort,0.000051
15000,Sortat,SelectionSort,0.213750
15000,Sortat,ShellSort,0.000812
15000,Sortat,QuickSort,0.402750
15000,Sortat,MergeSort,0.004786
15000,Inversat,BubbleSort,0.423000
15000,Inversat,InsertionSort,0.274500
15000,Inversat,SelectionSort,0.219375
15000,Inversat,ShellSort,0.001082
15000,Inversat,QuickSort,0.301500
15000,Inversat,MergeSort,0.004578
15000,AproapeSortat,BubbleSort,0.283500
15000,AproapeSortat,InsertionSort,0.011758
15000,AproapeSortat,SelectionSort,0.216000
15000,AproapeSortat,ShellSort,0.002393
15000,AproapeSortat,QuickSort,0.002060
15000,AproapeSortat,MergeSort,0.005098
20000,Random,BubbleSort,0.908000
20000,Random,InsertionSort,0.276000
20000,Random,SelectionSort,0.388000
20000,Random,ShellSort,0.004515
20000,Random,QuickSort,0.002457
20000,Random,MergeSort,0.007858
20000,Sortat,BubbleSort,0.424000
20000,Sortat,InsertionSort,0.000068
20000,Sortat,SelectionSort,0.380000
20000,Sortat,ShellSort,0.001114
20000,Sortat,QuickSort,0.716000
20000,Sortat,MergeSort,0.006572
20000,Inversat,BubbleSort,0.752000
20000,Inversat,InsertionSort,0.488000
20000,Inversat,SelectionSort,0.390000
20000,Inversat,ShellSort,0.001486
20000,Inversat,QuickSort,0.536000
20000,Inversat,MergeSort,0.006287
20000,AproapeSortat,BubbleSort,0.504000
20000,AproapeSortat,InsertionSort,0.018102
20000,AproapeSortat,SelectionSort,0.384000
20000,AproapeSortat,ShellSort,0.003286
20000,AproapeSortat,QuickSort,0.002829
20000,AproapeSortat,MergeSort,0.007001
25000,Random,BubbleSort,1.418750
25000,Random,InsertionSort,0.431250
25000,Random,SelectionSort,0.606250
25000,Random,ShellSort,0.005771
25000,Random,QuickSort,0.003141
25000,Random,MergeSort,0.010044
25000,Sortat,BubbleSort,0.662500
25000,Sortat,InsertionSort,0.000085
25000,Sortat,SelectionSort,0.593750
25000,Sortat,ShellSort,0.001424
25000,Sortat,QuickSort,1.118750
25000,Sortat,MergeSort,0.008401
25000,Inversat,BubbleSort,1.175000
25000,Inversat,InsertionSort,0.762500
25000,Inversat,SelectionSort,0.609375
25000,Inversat,ShellSort,0.001899
25000,Inversat,QuickSort,0.837500
25000,Inversat,MergeSort,0.008035
25000,AproapeSortat,BubbleSort,0.787500
25000,AproapeSortat,InsertionSort,0.025298
25000,AproapeSortat,SelectionSort,0.600000
25000,AproapeSortat,ShellSort,0.004200
25000,AproapeSortat,QuickSort,0.003616
25000,AproapeSortat,MergeSort,0.008948
30000,Random,BubbleSort,2.043000
30000,Random,InsertionSort,0.621000
30000,Random,SelectionSort,0.873000
30000,Random,ShellSort,0.007050
30000,Random,QuickSort,0.003837
30000,Random,MergeSort,0.012270
30000,Sortat,BubbleSort,0.954000
30000,Sortat,InsertionSort,0.000102
30000,Sortat,SelectionSort,0.855000
30000,Sortat,ShellSort,0.001740
30000,Sortat,QuickSort,1.611000
30000,Sortat,MergeSort,0.010262
30000,Inversat,BubbleSort,1.692000
30000,Inversat,InsertionSort,1.098000
30000,Inversat,SelectionSort,0.877500
30000,Inversat,ShellSort,0.002320
30000,Inversat,QuickSort,1.206000
30000,Inversat,MergeSort,0.009816
30000,AproapeSortat,BubbleSort,1.134000
30000,AproapeSortat,InsertionSort,0.033255
30000,AproapeSortat,SelectionSort,0.864000
30000,AproapeSortat,ShellSort,0.005131
30000,AproapeSortat,QuickSort,0.004417
30000,AproapeSortat,MergeSort,0.010931
35000,Random,BubbleSort,2.780750
35000,Random,InsertionSort,0.845250
35000,Random,SelectionSort,1.188250
35000,Random,ShellSort,0.008348
35000,Random,QuickSort,0.004544
35000,Random,MergeSort,0.014529
35000,Sortat,BubbleSort,1.298500
35000,Sortat,InsertionSort,0.000119
35000,Sortat,SelectionSort,1.163750
35000,Sortat,ShellSort,0.002060
35000,Sortat,QuickSort,2.192750
35000,Sortat,MergeSort,0.012152
35000,Inversat,BubbleSort,2.303000
35000,Inversat,InsertionSort,1.494500
35000,Inversat,SelectionSort,1.194375
35000,Inversat,ShellSort,0.002747
35000,Inversat,QuickSort,1.641500
35000,Inversat,MergeSort,0.011623
35000,AproapeSortat,BubbleSort,1.543500
35000,AproapeSortat,InsertionSort,0.041907
35000,AproapeSortat,SelectionSort,1.176000
35000,AproapeSortat,ShellSort,0.006076
35000,AproapeSortat,QuickSort,0.005230
35000,AproapeSortat,MergeSort,0.012944
40000,Random,BubbleSort,3.632000
40000,Random,InsertionSort,1.104000
40000,Random,SelectionSort,1.552000
40000,Random,ShellSort,0.009662
40000,Random,QuickSort,0.005259
40000,Random,MergeSort,0.016816
40000,Sortat,BubbleSort,1.696000
40000,Sortat,InsertionSort,0.000136
40000,Sortat,SelectionSort,1.520000
40000,Sortat,ShellSort,0.002385
40000,Sortat,QuickSort,2.864000
40000,Sortat,MergeSort,0.014065
40000,Inversat,BubbleSort,3.008000
40000,Inversat,InsertionSort,1.952000
40000,Inversat,SelectionSort,1.560000
40000,Inversat,ShellSort,0.003180
40000,Inversat,QuickSort,2.144000
40000,Inversat,MergeSort,0.013453
40000,AproapeSortat,BubbleSort,2.016000
40000,AproapeSortat,InsertionSort,0.051200
40000,AproapeSortat,SelectionSort,1.536000
40000,AproapeSortat,ShellSort,0.007032
40000,AproapeSortat,QuickSort,0.006054
40000,AproapeSortat,MergeSort,0.014982
45000,Random,BubbleSort,4.596750
45000,Random,InsertionSort,1.397250
45000,Random,SelectionSort,1.964250
45000,Random,ShellSort,0.010990
45000,Random,QuickSort,0.005982
45000,Random,MergeSort,0.019129
45000,Sortat,BubbleSort,2.146500
45000,Sortat,InsertionSort,0.000153
45000,Sortat,SelectionSort,1.923750
45000,Sortat,ShellSort,0.002713
45000,Sortat,QuickSort,3.624750
45000,Sortat,MergeSort,0.015999
45000,Inversat,BubbleSort,3.807000
45000,Inversat,InsertionSort,2.470500
45000,Inversat,SelectionSort,1.974375
45000,Inversat,ShellSort,0.003617
45000,Inversat,QuickSort,2.713500
45000,Inversat,MergeSort,0.015303
45000,AproapeSortat,BubbleSort,2.551500
45000,AproapeSortat,InsertionSort,0.061094
45000,AproapeSortat,SelectionSort,1.944000
45000,AproapeSortat,ShellSort,0.007999
45000,AproapeSortat,QuickSort,0.006886
45000,AproapeSortat,MergeSort,0.017042
50000,Random,BubbleSort,5.675000
50000,Random,InsertionSort,1.725000
50000,Random,SelectionSort,2.425000
50000,Random,ShellSort,0.012332
50000,Random,QuickSort,0.006712
50000,Random,MergeSort,0.021463
50000,Sortat,BubbleSort,2.650000
50000,Sortat,InsertionSort,0.000170
50000,Sortat,SelectionSort,2.375000
50000,Sortat,ShellSort,0.003044
50000,Sortat,QuickSort,4.475000
50000,Sortat,MergeSort,0.017951
50000,Inversat,BubbleSort,4.700000
50000,Inversat,InsertionSort,3.050000
50000,Inversat,SelectionSort,2.437500
50000,Inversat,ShellSort,0.004059
50000,Inversat,QuickSort,3.350000
50000,Inversat,MergeSort,0.017171
50000,AproapeSortat,BubbleSort,3.150000
50000,AproapeSortat,InsertionSort,0.071554
50000,AproapeSortat,SelectionSort,2.400000
50000,AproapeSortat,ShellSort,0.008976
50000,AproapeSortat,QuickSort,0.007727
50000,AproapeSortat,MergeSort,0.019122
55000,Random,BubbleSort,6.866750
55000,Random,InsertionSort,2.087250
55000,Random,SelectionSort,2.934250
55000,Random,ShellSort,0.013684
55000,Random,QuickSort,0.007448
55000,Random,MergeSort,0.023818
55000,Sortat,BubbleSort,3.206500
55000,Sortat,InsertionSort,0.000187
55000,Sortat,SelectionSort,2.873750
55000,Sortat,ShellSort,0.003378
55000,Sortat,QuickSort,5.414750
55000,Sortat,MergeSort,0.019920
55000,Inversat,BubbleSort,5.687000
55000,Inversat,InsertionSort,3.690500
55000,Inversat,SelectionSort,2.949375
55000,Inversat,ShellSort,0.004504
55000,Inversat,QuickSort,4.053500
55000,Inversat,MergeSort,0.019054
55000,AproapeSortat,BubbleSort,3.811500
55000,AproapeSortat,InsertionSort,0.082551
55000,AproapeSortat,SelectionSort,2.904000
55000,AproapeSortat,ShellSort,0.009960
55000,AproapeSortat,QuickSort,0.008574
55000,AproapeSortat,MergeSort,0.021219
60000,Random,BubbleSort,8.172000
60000,Random,InsertionSort,2.484000
60000,Random,SelectionSort,3.492000
60000,Random,ShellSort,0.015047
60000,Random,QuickSort,0.008190
60000,Random,MergeSort,0.026190
60000,Sortat,BubbleSort,3.816000
60000,Sortat,InsertionSort,0.000204
60000,Sortat,SelectionSort,3.420000
60000,Sortat,ShellSort,0.003714
60000,Sortat,QuickSort,6.444000
60000,Sortat,MergeSort,0.021904
60000,Inversat,BubbleSort,6.768000
60000,Inversat,InsertionSort,4.392000
60000,Inversat,SelectionSort,3.510000
60000,Inversat,ShellSort,0.004952
60000,Inversat,QuickSort,4.824000
60000,Inversat,MergeSort,0.020952
60000,AproapeSortat,BubbleSort,4.536000
60000,AproapeSortat,InsertionSort,0.094060
60000,AproapeSortat,SelectionSort,3.456000
60000,AproapeSortat,ShellSort,0.010952
60000,AproapeSortat,QuickSort,0.009428
60000,AproapeSortat,MergeSort,0.023333
65000,Random,BubbleSort,9.590750
65000,Random,InsertionSort,2.915250
65000,Random,SelectionSort,4.098250
65000,Random,ShellSort,0.016420
65000,Random,QuickSort,0.008937
65000,Random,MergeSort,0.028579
65000,Sortat,BubbleSort,4.478500
65000,Sortat,InsertionSort,0.000221
65000,Sortat,SelectionSort,4.013750
65000,Sortat,ShellSort,0.004053
65000,Sortat,QuickSort,7.562750
65000,Sortat,MergeSort,0.023902
65000,Inversat,BubbleSort,7.943000
65000,Inversat,InsertionSort,5.154500
65000,Inversat,SelectionSort,4.119375
65000,Inversat,ShellSort,0.005404
65000,Inversat,QuickSort,5.661500
65000,Inversat,MergeSort,0.022863
65000,AproapeSortat,BubbleSort,5.323500
65000,AproapeSortat,InsertionSort,0.106060
65000,AproapeSortat,SelectionSort,4.056000
65000,AproapeSortat,ShellSort,0.011951
65000,AproapeSortat,QuickSort,0.010288
65000,AproapeSortat,MergeSort,0.025461
70000,Random,BubbleSort,11.123000
70000,Random,InsertionSort,3.381000
70000,Random,SelectionSort,4.753000
70000,Random,ShellSort,0.017801
70000,Random,QuickSort,0.009689
70000,Random,MergeSort,0.030983
70000,Sortat,BubbleSort,5.194000
70000,Sortat,InsertionSort,0.000238
70000,Sortat,SelectionSort,4.655000
70000,Sortat,ShellSort,0.004394
70000,Sortat,QuickSort,8.771000
70000,Sortat,MergeSort,0.025913
70000,Inversat,BubbleSort,9.212000
70000,Inversat,InsertionSort,5.978000
70000,Inversat,SelectionSort,4.777500
70000,Inversat,ShellSort,0.005859
70000,Inversat,QuickSort,6.566000
70000,Inversat,MergeSort,0.024786
70000,AproapeSortat,BubbleSort,6.174000
70000,AproapeSortat,InsertionSort,0.118530
70000,AproapeSortat,SelectionSort,4.704000
70000,AproapeSortat,ShellSort,0.012957
70000,AproapeSortat,QuickSort,0.011154
70000,AproapeSortat,MergeSort,0.027603
75000,Random,BubbleSort,12.768750
75000,Random,InsertionSort,3.881250
75000,Random,SelectionSort,5.456250
75000,Random,ShellSort,0.019191
75000,Random,QuickSort,0.010446
75000,Random,MergeSort,0.033401
75000,Sortat,BubbleSort,5.962500
75000,Sortat,InsertionSort,0.000255
75000,Sortat,SelectionSort,5.343750
75000,Sortat,ShellSort,0.004737
75000,Sortat,QuickSort,10.068750
75000,Sortat,MergeSort,0.027936
75000,Inversat,BubbleSort,10.575000
75000,Inversat,InsertionSort,6.862500
75000,Inversat,SelectionSort,5.484375
75000,Inversat,ShellSort,0.006316
75000,Inversat,QuickSort,7.537500
75000,Inversat,MergeSort,0.026721
75000,AproapeSortat,BubbleSort,7.087500
75000,AproapeSortat,InsertionSort,0.131453
75000,AproapeSortat,SelectionSort,5.400000
75000,AproapeSortat,ShellSort,0.013968
75000,AproapeSortat,QuickSort,0.012024
75000,AproapeSortat,MergeSort,0.029758
80000,Random,BubbleSort,14.528000
80000,Random,InsertionSort,4.416000
80000,Random,SelectionSort,6.208000
80000,Random,ShellSort,0.020588
80000,Random,QuickSort,0.011206
80000,Random,MergeSort,0.035833
80000,Sortat,BubbleSort,6.784000
80000,Sortat,InsertionSort,0.000272
80000,Sortat,SelectionSort,6.080000
80000,Sortat,ShellSort,0.005082
80000,Sortat,QuickSort,11.456000
80000,Sortat,MergeSort,0.029969
80000,Inversat,BubbleSort,12.032000
80000,Inversat,InsertionSort,7.808000
80000,Inversat,SelectionSort,6.240000
80000,Inversat,ShellSort,0.006776
80000,Inversat,QuickSort,8.576000
80000,Inversat,MergeSort,0.028666
80000,AproapeSortat,BubbleSort,8.064000
80000,AproapeSortat,InsertionSort,0.144815
80000,AproapeSortat,SelectionSort,6.144000
80000,AproapeSortat,ShellSort,0.014985
80000,AproapeSortat,QuickSort,0.012900
80000,AproapeSortat,MergeSort,0.031924
85000,Random,BubbleSort,16.400750
85000,Random,InsertionSort,4.985250
85000,Random,SelectionSort,7.008250
85000,Random,ShellSort,0.021992
85000,Random,QuickSort,0.011970
85000,Random,MergeSort,0.038277
85000,Sortat,BubbleSort,7.658500
85000,Sortat,InsertionSort,0.000289
85000,Sortat,SelectionSort,6.863750
85000,Sortat,ShellSort,0.005428
85000,Sortat,QuickSort,12.932750
85000,Sortat,MergeSort,0.032013
85000,Inversat,BubbleSort,13.583000
85000,Inversat,InsertionSort,8.814500
85000,Inversat,SelectionSort,7.044375
85000,Inversat,ShellSort,0.007238
85000,Inversat,QuickSort,9.681500
85000,Inversat,MergeSort,0.030622
85000,AproapeSortat,BubbleSort,9.103500
85000,AproapeSortat,InsertionSort,0.158602
85000,AproapeSortat,SelectionSort,6.936000
85000,AproapeSortat,ShellSort,0.016007
85000,AproapeSortat,QuickSort,0.013780
85000,AproapeSortat,MergeSort,0.034101
90000,Random,BubbleSort,18.387000
90000,Random,InsertionSort,5.589000
90000,Random,SelectionSort,7.857000
90000,Random,ShellSort,0.023403
90000,Random,QuickSort,0.012738
90000,Random,MergeSort,0.040733
90000,Sortat,BubbleSort,8.586000
90000,Sortat,InsertionSort,0.000306
90000,Sortat,SelectionSort,7.695000
90000,Sortat,ShellSort,0.005777
90000,Sortat,QuickSort,14.499000
90000,Sortat,MergeSort,0.034067
90000,Inversat,BubbleSort,15.228000
90000,Inversat,InsertionSort,9.882000
90000,Inversat,SelectionSort,7.897500
90000,Inversat,ShellSort,0.007702
90000,Inversat,QuickSort,10.854000
90000,Inversat,MergeSort,0.032586
90000,AproapeSortat,BubbleSort,10.206000
90000,AproapeSortat,InsertionSort,0.172800
90000,AproapeSortat,SelectionSort,7.776000
90000,AproapeSortat,ShellSort,0.017034
90000,AproapeSortat,QuickSort,0.014664
90000,AproapeSortat,MergeSort,0.036289
95000,Random,BubbleSort,20.486750
95000,Random,InsertionSort,6.227250
95000,Random,SelectionSort,8.754250
95000,Random,ShellSort,0.024820
95000,Random,QuickSort,0.013510
95000,Random,MergeSort,0.043199
95000,Sortat,BubbleSort,9.566500
95000,Sortat,InsertionSort,0.000323
95000,Sortat,SelectionSort,8.573750
95000,Sortat,ShellSort,0.006126
95000,Sortat,QuickSort,16.154750
95000,Sortat,MergeSort,0.036130
95000,Inversat,BubbleSort,16.967000
95000,Inversat,InsertionSort,11.010500
95000,Inversat,SelectionSort,8.799375
95000,Inversat,ShellSort,0.008169
95000,Inversat,QuickSort,12.093500
95000,Inversat,MergeSort,0.034559
95000,AproapeSortat,BubbleSort,11.371500
95000,AproapeSortat,InsertionSort,0.187398
95000,AproapeSortat,SelectionSort,8.664000
95000,AproapeSortat,ShellSort,0.018065
95000,AproapeSortat,QuickSort,0.015552
95000,AproapeSortat,MergeSort,0.038487
100000,Random,BubbleSort,22.700000
100000,Random,InsertionSort,6.900000
100000,Random,SelectionSort,9.700000
100000,Random,ShellSort,0.026243
100000,Random,QuickSort,0.014284
100000,Random,MergeSort,0.045677
100000,Sortat,BubbleSort,10.600000
100000,Sortat,InsertionSort,0.000340
100000,Sortat,SelectionSort,9.500000
100000,Sortat,ShellSort,0.006478
100000,Sortat,QuickSort,17.900000
100000,Sortat,MergeSort,0.038202
100000,Inversat,BubbleSort,18.800000
100000,Inversat,InsertionSort,12.200000
100000,Inversat,SelectionSort,9.750000
100000,Inversat,ShellSort,0.008637
100000,Inversat,QuickSort,13.400000
100000,Inversat,MergeSort,0.036541
100000,AproapeSortat,BubbleSort,12.600000
100000,AproapeSortat,InsertionSort,0.202386
100000,AproapeSortat,SelectionSort,9.600000
100000,AproapeSortat,ShellSort,0.019101
100000,AproapeSortat,QuickSort,0.016444
100000,AproapeSortat,MergeSort,0.040694
105000,Random,BubbleSort,25.026750
105000,Random,InsertionSort,7.607250
105000,Random,SelectionSort,10.694250
105000,Random,ShellSort,0.027672
105000,Random,QuickSort,0.015062
105000,Random,MergeSort,0.048164
105000,Sortat,BubbleSort,11.686500
105000,Sortat,InsertionSort,0.000357
105000,Sortat,SelectionSort,10.473750
105000,Sortat,ShellSort,0.006830
105000,Sortat,QuickSort,19.734750
105000,Sortat,MergeSort,0.040282
105000,Inversat,BubbleSort,20.727000
105000,Inversat,InsertionSort,13.450500
105000,Inversat,SelectionSort,10.749375
105000,Inversat,ShellSort,0.009107
105000,Inversat,QuickSort,14.773500
105000,Inversat,MergeSort,0.038531
105000,AproapeSortat,BubbleSort,13.891500
105000,AproapeSortat,InsertionSort,0.217753
105000,AproapeSortat,SelectionSort,10.584000
105000,AproapeSortat,ShellSort,0.020141
105000,AproapeSortat,QuickSort,0.017339
105000,AproapeSortat,MergeSort,0.042909
110000,Random,BubbleSort,27.467000
110000,Random,InsertionSort,8.349000
110000,Random,SelectionSort,11.737000
110000,Random,ShellSort,0.029107
110000,Random,QuickSort,0.015843
110000,Random,MergeSort,0.050660
110000,Sortat,BubbleSort,12.826000
110000,Sortat,InsertionSort,0.000374
110000,Sortat,SelectionSort,11.495000
110000,Sortat,ShellSort,0.007185
110000,Sortat,QuickSort,21.659000
110000,Sortat,MergeSort,0.042370
110000,Inversat,BubbleSort,22.748000
110000,Inversat,InsertionSort,14.762000
110000,Inversat,SelectionSort,11.797500
110000,Inversat,ShellSort,0.009579
110000,Inversat,QuickSort,16.214000
110000,Inversat,MergeSort,0.040528
110000,AproapeSortat,BubbleSort,15.246000
110000,AproapeSortat,InsertionSort,0.233490
110000,AproapeSortat,SelectionSort,11.616000
110000,AproapeSortat,ShellSort,0.021185
110000,AproapeSortat,QuickSort,0.018238
110000,AproapeSortat,MergeSort,0.045134
115000,Random,BubbleSort,30.020750
115000,Random,InsertionSort,9.125250
115000,Random,SelectionSort,12.828250
115000,Random,ShellSort,0.030546
115000,Random,QuickSort,0.016626
115000,Random,MergeSort,0.053166
115000,Sortat,BubbleSort,14.018500
115000,Sortat,InsertionSort,0.000391
115000,Sortat,SelectionSort,12.563750
115000,Sortat,ShellSort,0.007540
115000,Sortat,QuickSort,23.672750
115000,Sortat,MergeSort,0.044466
115000,Inversat,BubbleSort,24.863000
115000,Inversat,InsertionSort,16.134500
115000,Inversat,SelectionSort,12.894375
115000,Inversat,ShellSort,0.010053
115000,Inversat,QuickSort,17.721500
115000,Inversat,MergeSort,0.042533
115000,AproapeSortat,BubbleSort,16.663500
115000,AproapeSortat,InsertionSort,0.249590
115000,AproapeSortat,SelectionSort,12.696000
115000,AproapeSortat,ShellSort,0.022233
115000,AproapeSortat,QuickSort,0.019140
115000,AproapeSortat,MergeSort,0.047366
120000,Random,BubbleSort,32.688000
120000,Random,InsertionSort,9.936000
120000,Random,SelectionSort,13.968000
120000,Random,ShellSort,0.031991
120000,Random,QuickSort,0.017413
120000,Random,MergeSort,0.055680
120000,Sortat,BubbleSort,15.264000
120000,Sortat,InsertionSort,0.000408
120000,Sortat,SelectionSort,13.680000
120000,Sortat,ShellSort,0.007896
120000,Sortat,QuickSort,25.776000
120000,Sortat,MergeSort,0.046569
120000,Inversat,BubbleSort,27.072000
120000,Inversat,InsertionSort,17.568000
120000,Inversat,SelectionSort,14.040000
120000,Inversat,ShellSort,0.010529
120000,Inversat,QuickSort,19.296000
120000,Inversat,MergeSort,0.044544
120000,AproapeSortat,BubbleSort,18.144000
120000,AproapeSortat,InsertionSort,0.266043
120000,AproapeSortat,SelectionSort,13.824000
120000,AproapeSortat,ShellSort,0.023284
120000,AproapeSortat,QuickSort,0.020045
120000,AproapeSortat,MergeSort,0.049606
125000,Random,BubbleSort,35.468750
125000,Random,InsertionSort,10.781250
125000,Random,SelectionSort,15.156250
125000,Random,ShellSort,0.033440
125000,Random,QuickSort,0.018201
125000,Random,MergeSort,0.058202
125000,Sortat,BubbleSort,16.562500
125000,Sortat,InsertionSort,0.000425
125000,Sortat,SelectionSort,14.843750
125000,Sortat,ShellSort,0.008254
125000,Sortat,QuickSort,27.968750
125000,Sortat,MergeSort,0.048678
125000,Inversat,BubbleSort,29.375000
125000,Inversat,InsertionSort,19.062500
125000,Inversat,SelectionSort,15.234375
125000,Inversat,ShellSort,0.011006
125000,Inversat,QuickSort,20.937500
125000,Inversat,MergeSort,0.046562
125000,AproapeSortat,BubbleSort,19.687500
125000,AproapeSortat,InsertionSort,0.282843
125000,AproapeSortat,SelectionSort,15.000000
125000,AproapeSortat,ShellSort,0.024339
125000,AproapeSortat,QuickSort,0.020953
125000,AproapeSortat,MergeSort,0.051853
130000,Random,BubbleSort,38.363000
130000,Random,InsertionSort,11.661000
130000,Random,SelectionSort,16.393000
130000,Random,ShellSort,0.034894
130000,Random,QuickSort,0.018993
130000,Random,MergeSort,0.060733
130000,Sortat,BubbleSort,17.914000
130000,Sortat,InsertionSort,0.000442
130000,Sortat,SelectionSort,16.055000
130000,Sortat,ShellSort,0.008613
130000,Sortat,QuickSort,30.251000
130000,Sortat,MergeSort,0.050795
130000,Inversat,BubbleSort,31.772000
130000,Inversat,InsertionSort,20.618000
130000,Inversat,SelectionSort,16.477500
130000,Inversat,ShellSort,0.011484
130000,Inversat,QuickSort,22.646000
130000,Inversat,MergeSort,0.048586
130000,AproapeSortat,BubbleSort,21.294000
130000,AproapeSortat,InsertionSort,0.299982
130000,AproapeSortat,SelectionSort,16.224000
130000,AproapeSortat,ShellSort,0.025397
130000,AproapeSortat,QuickSort,0.021864
130000,AproapeSortat,MergeSort,0.054107
135000,Random,BubbleSort,41.370750
135000,Random,InsertionSort,12.575250
135000,Random,SelectionSort,17.678250
135000,Random,ShellSort,0.036352
135000,Random,QuickSort,0.019786
135000,Random,MergeSort,0.063271
135000,Sortat,BubbleSort,19.318500
135000,Sortat,InsertionSort,0.000459
135000,Sortat,SelectionSort,17.313750
135000,Sortat,ShellSort,0.008973
135000,Sortat,QuickSort,32.622750
135000,Sortat,MergeSort,0.052917
135000,Inversat,BubbleSort,34.263000
135000,Inversat,InsertionSort,22.234500
135000,Inversat,SelectionSort,17.769375
135000,Inversat,ShellSort,0.011964
135000,Inversat,QuickSort,24.421500
135000,Inversat,MergeSort,0.050617
135000,AproapeSortat,BubbleSort,22.963500
135000,AproapeSortat,InsertionSort,0.317454
135000,AproapeSortat,SelectionSort,17.496000
135000,AproapeSortat,ShellSort,0.026459
135000,AproapeSortat,QuickSort,0.022777
135000,AproapeSortat,MergeSort,0.056368
140000,Random,BubbleSort,44.492000
140000,Random,InsertionSort,13.524000
140000,Random,SelectionSort,19.012000
140000,Random,ShellSort,0.037814
140000,Random,QuickSort,0.020582
140000,Random,MergeSort,0.065816
140000,Sortat,BubbleSort,20.776000
140000,Sortat,InsertionSort,0.000476
140000,Sortat,SelectionSort,18.620000
140000,Sortat,ShellSort,0.009334
140000,Sortat,QuickSort,35.084000
140000,Sortat,MergeSort,0.055046
140000,Inversat,BubbleSort,36.848000
140000,Inversat,InsertionSort,23.912000
140000,Inversat,SelectionSort,19.110000
140000,Inversat,ShellSort,0.012445
140000,Inversat,QuickSort,26.264000
140000,Inversat,MergeSort,0.052653
140000,AproapeSortat,BubbleSort,24.696000
140000,AproapeSortat,InsertionSort,0.335253
140000,AproapeSortat,SelectionSort,18.816000
140000,AproapeSortat,ShellSort,0.027523
140000,AproapeSortat,QuickSort,0.023694
140000,AproapeSortat,MergeSort,0.058636
145000,Random,BubbleSort,47.726750
145000,Random,InsertionSort,14.507250
145000,Random,SelectionSort,20.394250
145000,Random,ShellSort,0.039281
145000,Random,QuickSort,0.021381
145000,Random,MergeSort,0.068368
145000,Sortat,BubbleSort,22.286500
145000,Sortat,InsertionSort,0.000493
145000,Sortat,SelectionSort,19.973750
145000,Sortat,ShellSort,0.009696
145000,Sortat,QuickSort,37.634750
145000,Sortat,MergeSort,0.057181
145000,Inversat,BubbleSort,39.527000
145000,Inversat,InsertionSort,25.650500
145000,Inversat,SelectionSort,20.499375
145000,Inversat,ShellSort,0.012928
145000,Inversat,QuickSort,28.173500
145000,Inversat,MergeSort,0.054695
145000,AproapeSortat,BubbleSort,26.491500
145000,AproapeSortat,InsertionSort,0.353372
145000,AproapeSortat,SelectionSort,20.184000
145000,AproapeSortat,ShellSort,0.028590
145000,AproapeSortat,QuickSort,0.024613
145000,AproapeSortat,MergeSort,0.060910
150000,Random,BubbleSort,51.075000
150000,Random,InsertionSort,15.525000
150000,Random,SelectionSort,21.825000
150000,Random,ShellSort,0.040751
150000,Random,QuickSort,0.022181
150000,Random,MergeSort,0.070928
150000,Sortat,BubbleSort,23.850000
150000,Sortat,InsertionSort,0.000510
150000,Sortat,SelectionSort,21.375000
150000,Sortat,ShellSort,0.010059
150000,Sortat,QuickSort,40.275000
150000,Sortat,MergeSort,0.059321
150000,Inversat,BubbleSort,42.300000
150000,Inversat,InsertionSort,27.450000
150000,Inversat,SelectionSort,21.937500
150000,Inversat,ShellSort,0.013412
150000,Inversat,QuickSort,30.150000
150000,Inversat,MergeSort,0.056742
150000,AproapeSortat,BubbleSort,28.350000
150000,AproapeSortat,InsertionSort,0.371806
150000,AproapeSortat,SelectionSort,21.600000
150000,AproapeSortat,ShellSort,0.029661
150000,AproapeSortat,QuickSort,0.025534
150000,AproapeSortat,MergeSort,0.063190
155000,Random,BubbleSort,54.536750
155000,Random,InsertionSort,16.577250
155000,Random,SelectionSort,23.304250
155000,Random,ShellSort,0.042225
155000,Random,QuickSort,0.022983
155000,Random,MergeSort,0.073494
155000,Sortat,BubbleSort,25.466500
155000,Sortat,InsertionSort,0.000527
155000,Sortat,SelectionSort,22.823750
155000,Sortat,ShellSort,0.010423
155000,Sortat,QuickSort,43.004750
155000,Sortat,MergeSort,0.061467
155000,Inversat,BubbleSort,45.167000
155000,Inversat,InsertionSort,29.310500
155000,Inversat,SelectionSort,23.424375
155000,Inversat,ShellSort,0.013897
155000,Inversat,QuickSort,32.193500
155000,Inversat,MergeSort,0.058795
155000,AproapeSortat,BubbleSort,30.271500
155000,AproapeSortat,InsertionSort,0.390551
155000,AproapeSortat,SelectionSort,23.064000
155000,AproapeSortat,ShellSort,0.030734
155000,AproapeSortat,QuickSort,0.026458
155000,AproapeSortat,MergeSort,0.065476
160000,Random,BubbleSort,58.112000
160000,Random,InsertionSort,17.664000
160000,Random,SelectionSort,24.832000
160000,Random,ShellSort,0.043703
160000,Random,QuickSort,0.023788
160000,Random,MergeSort,0.076066
160000,Sortat,BubbleSort,27.136000
160000,Sortat,InsertionSort,0.000544
160000,Sortat,SelectionSort,24.320000
160000,Sortat,ShellSort,0.010788
160000,Sortat,QuickSort,45.824000
160000,Sortat,MergeSort,0.063619
160000,Inversat,BubbleSort,48.128000
160000,Inversat,InsertionSort,31.232000
160000,Inversat,SelectionSort,24.960000
160000,Inversat,ShellSort,0.014383
160000,Inversat,QuickSort,34.304000
160000,Inversat,MergeSort,0.060853
160000,AproapeSortat,BubbleSort,32.256000
160000,AproapeSortat,InsertionSort,0.409600
160000,AproapeSortat,SelectionSort,24.576000
160000,AproapeSortat,ShellSort,0.031809
160000,AproapeSortat,QuickSort,0.027384
160000,AproapeSortat,MergeSort,0.067768
165000,Random,BubbleSort,61.800750
165000,Random,InsertionSort,18.785250
165000,Random,SelectionSort,26.408250
165000,Random,ShellSort,0.045185
165000,Random,QuickSort,0.024594
165000,Random,MergeSort,0.078644
165000,Sortat,BubbleSort,28.858500
165000,Sortat,InsertionSort,0.000561
165000,Sortat,SelectionSort,25.863750
165000,Sortat,ShellSort,0.011153
165000,Sortat,QuickSort,48.732750
165000,Sortat,MergeSort,0.065775
165000,Inversat,BubbleSort,51.183000
165000,Inversat,InsertionSort,33.214500
165000,Inversat,SelectionSort,26.544375
165000,Inversat,ShellSort,0.014871
165000,Inversat,QuickSort,36.481500
165000,Inversat,MergeSort,0.062916
165000,AproapeSortat,BubbleSort,34.303500
165000,AproapeSortat,InsertionSort,0.428949
165000,AproapeSortat,SelectionSort,26.136000
165000,AproapeSortat,ShellSort,0.032888
165000,AproapeSortat,QuickSort,0.028312
165000,AproapeSortat,MergeSort,0.070065
170000,Random,BubbleSort,65.603000
170000,Random,InsertionSort,19.941000
170000,Random,SelectionSort,28.033000
170000,Random,ShellSort,0.046670
170000,Random,QuickSort,0.025403
170000,Random,MergeSort,0.081229
170000,Sortat,BubbleSort,30.634000
170000,Sortat,InsertionSort,0.000578
170000,Sortat,SelectionSort,27.455000
170000,Sortat,ShellSort,0.011520
170000,Sortat,QuickSort,51.731000
170000,Sortat,MergeSort,0.067937
170000,Inversat,BubbleSort,54.332000
170000,Inversat,InsertionSort,35.258000
170000,Inversat,SelectionSort,28.177500
170000,Inversat,ShellSort,0.015360
170000,Inversat,QuickSort,38.726000
170000,Inversat,MergeSort,0.064983
170000,AproapeSortat,BubbleSort,36.414000
170000,AproapeSortat,InsertionSort,0.448594
170000,AproapeSortat,SelectionSort,27.744000
170000,AproapeSortat,ShellSort,0.033968
170000,AproapeSortat,QuickSort,0.029242
170000,AproapeSortat,MergeSort,0.072368
175000,Random,BubbleSort,69.518750
175000,Random,InsertionSort,21.131250
175000,Random,SelectionSort,29.706250
175000,Random,ShellSort,0.048158
175000,Random,QuickSort,0.026213
175000,Random,MergeSort,0.083819
175000,Sortat,BubbleSort,32.462500
175000,Sortat,InsertionSort,0.000595
175000,Sortat,SelectionSort,29.093750
175000,Sortat,ShellSort,0.011887
175000,Sortat,QuickSort,54.818750
175000,Sortat,MergeSort,0.070103
175000,Inversat,BubbleSort,57.575000
175000,Inversat,InsertionSort,37.362500
175000,Inversat,SelectionSort,29.859375
175000,Inversat,ShellSort,0.015849
175000,Inversat,QuickSort,41.037500
175000,Inversat,MergeSort,0.067055
175000,AproapeSortat,BubbleSort,38.587500
175000,AproapeSortat,InsertionSort,0.468530
175000,AproapeSortat,SelectionSort,29.400000
175000,AproapeSortat,ShellSort,0.035052
175000,AproapeSortat,QuickSort,0.030175
175000,AproapeSortat,MergeSort,0.074675
180000,Random,BubbleSort,73.548000
180000,Random,InsertionSort,22.356000
180000,Random,SelectionSort,31.428000
180000,Random,ShellSort,0.049650
180000,Random,QuickSort,0.027024
180000,Random,MergeSort,0.086415
180000,Sortat,BubbleSort,34.344000
180000,Sortat,InsertionSort,0.000612
180000,Sortat,SelectionSort,30.780000
180000,Sortat,ShellSort,0.012255
180000,Sortat,QuickSort,57.996000
180000,Sortat,MergeSort,0.072275
180000,Inversat,BubbleSort,60.912000
180000,Inversat,InsertionSort,39.528000
180000,Inversat,SelectionSort,31.590000
180000,Inversat,ShellSort,0.016340
180000,Inversat,QuickSort,43.416000
180000,Inversat,MergeSort,0.069132
180000,AproapeSortat,BubbleSort,40.824000
180000,AproapeSortat,InsertionSort,0.488752
180000,AproapeSortat,SelectionSort,31.104000
180000,AproapeSortat,ShellSort,0.036137
180000,AproapeSortat,QuickSort,0.031110
180000,AproapeSortat,MergeSort,0.076988
185000,Random,BubbleSort,77.690750
185000,Random,InsertionSort,23.615250
185000,Random,SelectionSort,33.198250
185000,Random,ShellSort,0.051144
185000,Random,QuickSort,0.027838
185000,Random,MergeSort,0.089017
185000,Sortat,BubbleSort,36.278500
185000,Sortat,InsertionSort,0.000629
185000,Sortat,SelectionSort,32.513750
185000,Sortat,ShellSort,0.012624
185000,Sortat,QuickSort,61.262750
185000,Sortat,MergeSort,0.074450
185000,Inversat,BubbleSort,64.343000
185000,Inversat,InsertionSort,41.754500
185000,Inversat,SelectionSort,33.369375
185000,Inversat,ShellSort,0.016832
185000,Inversat,QuickSort,45.861500
185000,Inversat,MergeSort,0.071213
185000,AproapeSortat,BubbleSort,43.123500
185000,AproapeSortat,InsertionSort,0.509258
185000,AproapeSortat,SelectionSort,32.856000
185000,AproapeSortat,ShellSort,0.037225
185000,AproapeSortat,QuickSort,0.032046
185000,AproapeSortat,MergeSort,0.079306
190000,Random,BubbleSort,81.947000
190000,Random,InsertionSort,24.909000
190000,Random,SelectionSort,35.017000
190000,Random,ShellSort,0.052642
190000,Random,QuickSort,0.028653
190000,Random,MergeSort,0.091624
190000,Sortat,BubbleSort,38.266000
190000,Sortat,InsertionSort,0.000646
190000,Sortat,SelectionSort,34.295000
190000,Sortat,ShellSort,0.012994
190000,Sortat,QuickSort,64.619000
190000,Sortat,MergeSort,0.076631
190000,Inversat,BubbleSort,67.868000
190000,Inversat,InsertionSort,44.042000
190000,Inversat,SelectionSort,35.197500
190000,Inversat,ShellSort,0.017325
190000,Inversat,QuickSort,48.374000
190000,Inversat,MergeSort,0.073299
190000,AproapeSortat,BubbleSort,45.486000
190000,AproapeSortat,InsertionSort,0.530042
190000,AproapeSortat,SelectionSort,34.656000
190000,AproapeSortat,ShellSort,0.038315
190000,AproapeSortat,QuickSort,0.032985
190000,AproapeSortat,MergeSort,0.081628
195000,Random,BubbleSort,86.316750
195000,Random,InsertionSort,26.237250
195000,Random,SelectionSort,36.884250
195000,Random,ShellSort,0.054143
195000,Random,QuickSort,0.029470
195000,Random,MergeSort,0.094236
195000,Sortat,BubbleSort,40.306500
195000,Sortat,InsertionSort,0.000663
195000,Sortat,SelectionSort,36.123750
195000,Sortat,ShellSort,0.013364
195000,Sortat,QuickSort,68.064750
195000,Sortat,MergeSort,0.078815
195000,Inversat,BubbleSort,71.487000
195000,Inversat,InsertionSort,46.390500
195000,Inversat,SelectionSort,37.074375
195000,Inversat,ShellSort,0.017819
195000,Inversat,QuickSort,50.953500
195000,Inversat,MergeSort,0.075389
195000,AproapeSortat,BubbleSort,47.911500
195000,AproapeSortat,InsertionSort,0.551102
195000,AproapeSortat,SelectionSort,36.504000
195000,AproapeSortat,ShellSort,0.039408
195000,AproapeSortat,QuickSort,0.033925
195000,AproapeSortat,MergeSort,0.083956
200000,Random,BubbleSort,90.800000
200000,Random,InsertionSort,27.600000
200000,Random,SelectionSort,38.800000
200000,Random,ShellSort,0.055646
200000,Random,QuickSort,0.030289
200000,Random,MergeSort,0.096853
200000,Sortat,BubbleSort,42.400000
200000,Sortat,InsertionSort,0.000680
200000,Sortat,SelectionSort,38.000000
200000,Sortat,ShellSort,0.013736
200000,Sortat,QuickSort,71.600000
200000,Sortat,MergeSort,0.081004
200000,Inversat,BubbleSort,75.200000
200000,Inversat,InsertionSort,48.800000
200000,Inversat,SelectionSort,39.000000
200000,Inversat,ShellSort,0.018314
200000,Inversat,QuickSort,53.600000
200000,Inversat,MergeSort,0.077482
200000,AproapeSortat,BubbleSort,50.400000
200000,AproapeSortat,InsertionSort,0.572433
200000,AproapeSortat,SelectionSort,38.400000
200000,AproapeSortat,ShellSort,0.040502
200000,AproapeSortat,QuickSort,0.034867
200000,AproapeSortat,MergeSort,0.086287
205000,Random,BubbleSort,95.396750
205000,Random,InsertionSort,28.997250
205000,Random,SelectionSort,40.764250
205000,Random,ShellSort,0.057153
205000,Random,QuickSort,0.031109
205000,Random,MergeSort,0.099475
205000,Sortat,BubbleSort,44.546500
205000,Sortat,InsertionSort,0.000697
205000,Sortat,SelectionSort,39.923750
205000,Sortat,ShellSort,0.014107
205000,Sortat,QuickSort,75.224750
205000,Sortat,MergeSort,0.083197
205000,Inversat,BubbleSort,79.007000
205000,Inversat,InsertionSort,51.270500
205000,Inversat,SelectionSort,40.974375
205000,Inversat,ShellSort,0.018810
205000,Inversat,QuickSort,56.313500
205000,Inversat,MergeSort,0.079580
205000,AproapeSortat,BubbleSort,52.951500
205000,AproapeSortat,InsertionSort,0.594033
205000,AproapeSortat,SelectionSort,40.344000
205000,AproapeSortat,ShellSort,0.041599
205000,AproapeSortat,QuickSort,0.035811
205000,AproapeSortat,MergeSort,0.088623
210000,Random,BubbleSort,100.107000
210000,Random,InsertionSort,30.429000
210000,Random,SelectionSort,42.777000
210000,Random,ShellSort,0.058662
210000,Random,QuickSort,0.031930
210000,Random,MergeSort,0.102102
210000,Sortat,BubbleSort,46.746000
210000,Sortat,InsertionSort,0.000714
210000,Sortat,SelectionSort,41.895000
210000,Sortat,ShellSort,0.014480
210000,Sortat,QuickSort,78.939000
210000,Sortat,MergeSort,0.085395
210000,Inversat,BubbleSort,82.908000
210000,Inversat,InsertionSort,53.802000
210000,Inversat,SelectionSort,42.997500
210000,Inversat,ShellSort,0.019307
210000,Inversat,QuickSort,59.094000
210000,Inversat,MergeSort,0.081682
210000,AproapeSortat,BubbleSort,55.566000
210000,AproapeSortat,InsertionSort,0.615898
210000,AproapeSortat,SelectionSort,42.336000
210000,AproapeSortat,ShellSort,0.042697
210000,AproapeSortat,QuickSort,0.036757
210000,AproapeSortat,MergeSort,0.090964
215000,Random,BubbleSort,104.930750
215000,Random,InsertionSort,31.895250
215000,Random,SelectionSort,44.838250
215000,Random,ShellSort,0.060174
215000,Random,QuickSort,0.032753
215000,Random,MergeSort,0.104734
215000,Sortat,BubbleSort,48.998500
215000,Sortat,InsertionSort,0.000731
215000,Sortat,SelectionSort,43.913750
215000,Sortat,ShellSort,0.014853
215000,Sortat,QuickSort,82.742750
215000,Sortat,MergeSort,0.087596
215000,Inversat,BubbleSort,86.903000
215000,Inversat,InsertionSort,56.394500
215000,Inversat,SelectionSort,45.069375
215000,Inversat,ShellSort,0.019804
215000,Inversat,QuickSort,61.941500
215000,Inversat,MergeSort,0.083787
215000,AproapeSortat,BubbleSort,58.243500
215000,AproapeSortat,InsertionSort,0.638025
215000,AproapeSortat,SelectionSort,44.376000
215000,AproapeSortat,ShellSort,0.043798
215000,AproapeSortat,QuickSort,0.037704
215000,AproapeSortat,MergeSort,0.093308
220000,Random,BubbleSort,109.868000
220000,Random,InsertionSort,33.396000
220000,Random,SelectionSort,46.948000
220000,Random,ShellSort,0.061689
220000,Random,QuickSort,0.033578
220000,Random,MergeSort,0.107370
220000,Sortat,BubbleSort,51.304000
220000,Sortat,InsertionSort,0.000748
220000,Sortat,SelectionSort,45.980000
220000,Sortat,ShellSort,0.015227
220000,Sortat,QuickSort,86.636000
220000,Sortat,MergeSort,0.089801
220000,Inversat,BubbleSort,90.992000
220000,Inversat,InsertionSort,59.048000
220000,Inversat,SelectionSort,47.190000
220000,Inversat,ShellSort,0.020303
220000,Inversat,QuickSort,64.856000
220000,Inversat,MergeSort,0.085896
220000,AproapeSortat,BubbleSort,60.984000
220000,AproapeSortat,InsertionSort,0.660411
220000,AproapeSortat,SelectionSort,46.464000
220000,AproapeSortat,ShellSort,0.044900
220000,AproapeSortat,QuickSort,0.038653
220000,AproapeSortat,MergeSort,0.095657
225000,Random,BubbleSort,114.918750
225000,Random,InsertionSort,34.931250
225000,Random,SelectionSort,49.106250
225000,Random,ShellSort,0.063206
225000,Random,QuickSort,0.034403
225000,Random,MergeSort,0.110011
225000,Sortat,BubbleSort,53.662500
225000,Sortat,InsertionSort,0.000765
225000,Sortat,SelectionSort,48.093750
225000,Sortat,ShellSort,0.015602
225000,Sortat,QuickSort,90.618750
225000,Sortat,MergeSort,0.092009
225000,Inversat,BubbleSort,95.175000
225000,Inversat,InsertionSort,61.762500
225000,Inversat,SelectionSort,49.359375
225000,Inversat,ShellSort,0.020802
225000,Inversat,QuickSort,67.837500
225000,Inversat,MergeSort,0.088009
225000,AproapeSortat,BubbleSort,63.787500
225000,AproapeSortat,InsertionSort,0.683052
225000,AproapeSortat,SelectionSort,48.600000
225000,AproapeSortat,ShellSort,0.046005
225000,AproapeSortat,QuickSort,0.039604
225000,AproapeSortat,MergeSort,0.098010
230000,Random,BubbleSort,120.083000
230000,Random,InsertionSort,36.501000
230000,Random,SelectionSort,51.313000
230000,Random,ShellSort,0.064726
230000,Random,QuickSort,0.035231
230000,Random,MergeSort,0.112656
230000,Sortat,BubbleSort,56.074000
230000,Sortat,InsertionSort,0.000782
230000,Sortat,SelectionSort,50.255000
230000,Sortat,ShellSort,0.015977
230000,Sortat,QuickSort,94.691000
230000,Sortat,MergeSort,0.094222
230000,Inversat,BubbleSort,99.452000
230000,Inversat,InsertionSort,64.538000
230000,Inversat,SelectionSort,51.577500
230000,Inversat,ShellSort,0.021302
230000,Inversat,QuickSort,70.886000
230000,Inversat,MergeSort,0.090125
230000,AproapeSortat,BubbleSort,66.654000
230000,AproapeSortat,InsertionSort,0.705946
230000,AproapeSortat,SelectionSort,50.784000
230000,AproapeSortat,ShellSort,0.047111
230000,AproapeSortat,QuickSort,0.040556
230000,AproapeSortat,MergeSort,0.100367
235000,Random,BubbleSort,125.360750
235000,Random,InsertionSort,38.105250
235000,Random,SelectionSort,53.568250
235000,Random,ShellSort,0.066248
235000,Random,QuickSort,0.036059
235000,Random,MergeSort,0.115306
235000,Sortat,BubbleSort,58.538500
235000,Sortat,InsertionSort,0.000799
235000,Sortat,SelectionSort,52.463750
235000,Sortat,ShellSort,0.016352
235000,Sortat,QuickSort,98.852750
235000,Sortat,MergeSort,0.096438
235000,Inversat,BubbleSort,103.823000
235000,Inversat,InsertionSort,67.374500
235000,Inversat,SelectionSort,53.844375
235000,Inversat,ShellSort,0.021803
235000,Inversat,QuickSort,74.001500
235000,Inversat,MergeSort,0.092245
235000,AproapeSortat,BubbleSort,69.583500
235000,AproapeSortat,InsertionSort,0.729091
235000,AproapeSortat,SelectionSort,53.016000
235000,AproapeSortat,ShellSort,0.048219
235000,AproapeSortat,QuickSort,0.041510
235000,AproapeSortat,MergeSort,0.102727
240000,Random,BubbleSort,130.752000
240000,Random,InsertionSort,39.744000
240000,Random,SelectionSort,55.872000
240000,Random,ShellSort,0.067773
240000,Random,QuickSort,0.036889
240000,Random,MergeSort,0.117960
240000,Sortat,BubbleSort,61.056000
240000,Sortat,InsertionSort,0.000816
240000,Sortat,SelectionSort,54.720000
240000,Sortat,ShellSort,0.016729
240000,Sortat,QuickSort,103.104000
240000,Sortat,MergeSort,0.098657
240000,Inversat,BubbleSort,108.288000
240000,Inversat,InsertionSort,70.272000
240000,Inversat,SelectionSort,56.160000
240000,Inversat,ShellSort,0.022305
240000,Inversat,QuickSort,77.184000
240000,Inversat,MergeSort,0.094368
240000,AproapeSortat,BubbleSort,72.576000
240000,AproapeSortat,InsertionSort,0.752483
240000,AproapeSortat,SelectionSort,55.296000
240000,AproapeSortat,ShellSort,0.049329
240000,AproapeSortat,QuickSort,0.042465
240000,AproapeSortat,MergeSort,0.105091
245000,Random,BubbleSort,136.256750
245000,Random,InsertionSort,41.417250
245000,Random,SelectionSort,58.224250
245000,Random,ShellSort,0.069300
245000,Random,QuickSort,0.037720
245000,Random,MergeSort,0.120618
245000,Sortat,BubbleSort,63.626500
245000,Sortat,InsertionSort,0.000833
245000,Sortat,SelectionSort,57.023750
245000,Sortat,ShellSort,0.017106
245000,Sortat,QuickSort,107.444750
245000,Sortat,MergeSort,0.100880
245000,Inversat,BubbleSort,112.847000
245000,Inversat,InsertionSort,73.230500
245000,Inversat,SelectionSort,58.524375
245000,Inversat,ShellSort,0.022808
245000,Inversat,QuickSort,80.433500
245000,Inversat,MergeSort,0.096494
245000,AproapeSortat,BubbleSort,75.631500
245000,AproapeSortat,InsertionSort,0.776120
245000,AproapeSortat,SelectionSort,57.624000
245000,AproapeSortat,ShellSort,0.050440
245000,AproapeSortat,QuickSort,0.043422
245000,AproapeSortat,MergeSort,0.107459
250000,Random,BubbleSort,141.875000
250000,Random,InsertionSort,43.125000
250000,Random,SelectionSort,60.625000
250000,Random,ShellSort,0.070830
250000,Random,QuickSort,0.038553
250000,Random,MergeSort,0.123280
250000,Sortat,BubbleSort,66.250000
250000,Sortat,InsertionSort,0.000850
250000,Sortat,SelectionSort,59.375000
250000,Sortat,ShellSort,0.017483
250000,Sortat,QuickSort,111.875000
250000,Sortat,MergeSort,0.103107
250000,Inversat,BubbleSort,117.500000
250000,Inversat,InsertionSort,76.250000
250000,Inversat,SelectionSort,60.937500
250000,Inversat,ShellSort,0.023311
250000,Inversat,QuickSort,83.750000
250000,Inversat,MergeSort,0.098624
250000,AproapeSortat,BubbleSort,78.750000
250000,AproapeSortat,InsertionSort,0.800000
250000,AproapeSortat,SelectionSort,60.000000
250000,AproapeSortat,ShellSort,0.051553
250000,AproapeSortat,QuickSort,0.044381
250000,AproapeSortat,MergeSort,0.109831
255000,Random,BubbleSort,147.606750
255000,Random,InsertionSort,44.867250
255000,Random,SelectionSort,63.074250
255000,Random,ShellSort,0.072361
255000,Random,QuickSort,0.039387
255000,Random,MergeSort,0.125945
255000,Sortat,BubbleSort,68.926500
255000,Sortat,InsertionSort,0.000867
255000,Sortat,SelectionSort,61.773750
255000,Sortat,ShellSort,0.017861
255000,Sortat,QuickSort,116.394750
255000,Sortat,MergeSort,0.105336
255000,Inversat,BubbleSort,122.247000
255000,Inversat,InsertionSort,79.330500
255000,Inversat,SelectionSort,63.399375
255000,Inversat,ShellSort,0.023815
255000,Inversat,QuickSort,87.133500
255000,Inversat,MergeSort,0.100756
255000,AproapeSortat,BubbleSort,81.931500
255000,AproapeSortat,InsertionSort,0.824120
255000,AproapeSortat,SelectionSort,62.424000
255000,AproapeSortat,ShellSort,0.052668
255000,AproapeSortat,QuickSort,0.045340
255000,AproapeSortat,MergeSort,0.112206
260000,Random,BubbleSort,153.452000
260000,Random,InsertionSort,46.644000
260000,Random,SelectionSort,65.572000
260000,Random,ShellSort,0.073895
260000,Random,QuickSort,0.040222
260000,Random,MergeSort,0.128615
260000,Sortat,BubbleSort,71.656000
260000,Sortat,InsertionSort,0.000884
260000,Sortat,SelectionSort,64.220000
260000,Sortat,ShellSort,0.018240
260000,Sortat,QuickSort,121.004000
260000,Sortat,MergeSort,0.107569
260000,Inversat,BubbleSort,127.088000
260000,Inversat,InsertionSort,82.472000
260000,Inversat,SelectionSort,65.910000
260000,Inversat,ShellSort,0.024320
260000,Inversat,QuickSort,90.584000
260000,Inversat,MergeSort,0.102892
260000,AproapeSortat,BubbleSort,85.176000
260000,AproapeSortat,InsertionSort,0.848477
260000,AproapeSortat,SelectionSort,64.896000
260000,AproapeSortat,ShellSort,0.053785
260000,AproapeSortat,QuickSort,0.046302
260000,AproapeSortat,MergeSort,0.114585
265000,Random,BubbleSort,159.410750
265000,Random,InsertionSort,48.455250
265000,Random,SelectionSort,68.118250
265000,Random,ShellSort,0.075431
265000,Random,QuickSort,0.041058
265000,Random,MergeSort,0.131289
265000,Sortat,BubbleSort,74.438500
265000,Sortat,InsertionSort,0.000901
265000,Sortat,SelectionSort,66.713750
265000,Sortat,ShellSort,0.018619
265000,Sortat,QuickSort,125.702750
265000,Sortat,MergeSort,0.109805
265000,Inversat,BubbleSort,132.023000
265000,Inversat,InsertionSort,85.674500
265000,Inversat,SelectionSort,68.469375
265000,Inversat,ShellSort,0.024826
265000,Inversat,QuickSort,94.101500
265000,Inversat,MergeSort,0.105031
265000,AproapeSortat,BubbleSort,88.483500
265000,AproapeSortat,InsertionSort,0.873069
265000,AproapeSortat,SelectionSort,67.416000
265000,AproapeSortat,ShellSort,0.054903
265000,AproapeSortat,QuickSort,0.047264
265000,AproapeSortat,MergeSort,0.116966
270000,Random,BubbleSort,165.483000
270000,Random,InsertionSort,50.301000
270000,Random,SelectionSort,70.713000
270000,Random,ShellSort,0.076970
270000,Random,QuickSort,0.041895
270000,Random,MergeSort,0.133966
270000,Sortat,BubbleSort,77.274000
270000,Sortat,InsertionSort,0.000918
270000,Sortat,SelectionSort,69.255000
270000,Sortat,ShellSort,0.018999
270000,Sortat,QuickSort,130.491000
270000,Sortat,MergeSort,0.112045
270000,Inversat,BubbleSort,137.052000
270000,Inversat,InsertionSort,88.938000
270000,Inversat,SelectionSort,71.077500
270000,Inversat,ShellSort,0.025332
270000,Inversat,QuickSort,97.686000
270000,Inversat,MergeSort,0.107173
270000,AproapeSortat,BubbleSort,91.854000
270000,AproapeSortat,InsertionSort,0.897895
270000,AproapeSortat,SelectionSort,69.984000
270000,AproapeSortat,ShellSort,0.056022
270000,AproapeSortat,QuickSort,0.048228
270000,AproapeSortat,MergeSort,0.119352
275000,Random,BubbleSort,171.668750
275000,Random,InsertionSort,52.181250
275000,Random,SelectionSort,73.356250
275000,Random,ShellSort,0.078510
275000,Random,QuickSort,0.042733
275000,Random,MergeSort,0.136647
275000,Sortat,BubbleSort,80.162500
275000,Sortat,InsertionSort,0.000935
275000,Sortat,SelectionSort,71.843750
275000,Sortat,ShellSort,0.019379
275000,Sortat,QuickSort,135.368750
275000,Sortat,MergeSort,0.114287
275000,Inversat,BubbleSort,142.175000
275000,Inversat,InsertionSort,92.262500
275000,Inversat,SelectionSort,73.734375
275000,Inversat,ShellSort,0.025839
275000,Inversat,QuickSort,101.337500
275000,Inversat,MergeSort,0.109318
275000,AproapeSortat,BubbleSort,95.287500
275000,AproapeSortat,InsertionSort,0.922952
275000,AproapeSortat,SelectionSort,72.600000
275000,AproapeSortat,ShellSort,0.057143
275000,AproapeSortat,QuickSort,0.049193
275000,AproapeSortat,MergeSort,0.121740
280000,Random,BubbleSort,177.968000
280000,Random,InsertionSort,54.096000
280000,Random,SelectionSort,76.048000
280000,Random,ShellSort,0.080053
280000,Random,QuickSort,0.043573
280000,Random,MergeSort,0.139332
280000,Sortat,BubbleSort,83.104000
280000,Sortat,InsertionSort,0.000952
280000,Sortat,SelectionSort,74.480000
280000,Sortat,ShellSort,0.019760
280000,Sortat,QuickSort,140.336000
280000,Sortat,MergeSort,0.116532
280000,Inversat,BubbleSort,147.392000
280000,Inversat,InsertionSort,95.648000
280000,Inversat,SelectionSort,76.440000
280000,Inversat,ShellSort,0.026346
280000,Inversat,QuickSort,105.056000
280000,Inversat,MergeSort,0.111466
280000,AproapeSortat,BubbleSort,98.784000
280000,AproapeSortat,InsertionSort,0.948237
280000,AproapeSortat,SelectionSort,75.264000
280000,AproapeSortat,ShellSort,0.058266
280000,AproapeSortat,QuickSort,0.050160
280000,AproapeSortat,MergeSort,0.124132
285000,Random,BubbleSort,184.380750
285000,Random,InsertionSort,56.045250
285000,Random,SelectionSort,78.788250
285000,Random,ShellSort,0.081597
285000,Random,QuickSort,0.044414
285000,Random,MergeSort,0.142020
285000,Sortat,BubbleSort,86.098500
285000,Sortat,InsertionSort,0.000969
285000,Sortat,SelectionSort,77.163750
285000,Sortat,ShellSort,0.020141
285000,Sortat,QuickSort,145.392750
285000,Sortat,MergeSort,0.118781
285000,Inversat,BubbleSort,152.703000
285000,Inversat,InsertionSort,99.094500
285000,Inversat,SelectionSort,79.194375
285000,Inversat,ShellSort,0.026855
285000,Inversat,QuickSort,108.841500
285000,Inversat,MergeSort,0.113616
285000,AproapeSortat,BubbleSort,102.343500
285000,AproapeSortat,InsertionSort,0.973750
285000,AproapeSortat,SelectionSort,77.976000
285000,AproapeSortat,ShellSort,0.059390
285000,AproapeSortat,QuickSort,0.051127
285000,AproapeSortat,MergeSort,0.126527
290000,Random,BubbleSort,190.907000
290000,Random,InsertionSort,58.029000
290000,Random,SelectionSort,81.577000
290000,Random,ShellSort,0.083144
290000,Random,QuickSort,0.045255
290000,Random,MergeSort,0.144712
290000,Sortat,BubbleSort,89.146000
290000,Sortat,InsertionSort,0.000986
290000,Sortat,SelectionSort,79.895000
290000,Sortat,ShellSort,0.020523
290000,Sortat,QuickSort,150.539000
290000,Sortat,MergeSort,0.121032
290000,Inversat,BubbleSort,158.108000
290000,Inversat,InsertionSort,102.602000
290000,Inversat,SelectionSort,81.997500
290000,Inversat,ShellSort,0.027364
290000,Inversat,QuickSort,112.694000
290000,Inversat,MergeSort,0.115770
290000,AproapeSortat,BubbleSort,105.966000
290000,AproapeSortat,InsertionSort,0.999487
290000,AproapeSortat,SelectionSort,80.736000
290000,AproapeSortat,ShellSort,0.060516
290000,AproapeSortat,QuickSort,0.052096
290000,AproapeSortat,MergeSort,0.128925
295000,Random,BubbleSort,197.546750
295000,Random,InsertionSort,60.047250
295000,Random,SelectionSort,84.414250
295000,Random,ShellSort,0.084692
295000,Random,QuickSort,0.046098
295000,Random,MergeSort,0.147407
295000,Sortat,BubbleSort,92.246500
295000,Sortat,InsertionSort,0.001003
295000,Sortat,SelectionSort,82.673750
295000,Sortat,ShellSort,0.020905
295000,Sortat,QuickSort,155.774750
295000,Sortat,MergeSort,0.123286
295000,Inversat,BubbleSort,163.607000
295000,Inversat,InsertionSort,106.170500
295000,Inversat,SelectionSort,84.849375
295000,Inversat,ShellSort,0.027873
295000,Inversat,QuickSort,116.613500
295000,Inversat,MergeSort,0.117926
295000,AproapeSortat,BubbleSort,109.651500
295000,AproapeSortat,InsertionSort,1.025446
295000,AproapeSortat,SelectionSort,83.544000
295000,AproapeSortat,ShellSort,0.061643
295000,AproapeSortat,QuickSort,0.053067
295000,AproapeSortat,MergeSort,0.131326
300000,Random,BubbleSort,204.300000
300000,Random,InsertionSort,62.100000
300000,Random,SelectionSort,87.300000
300000,Random,ShellSort,0.086242
300000,Random,QuickSort,0.046942
300000,Random,MergeSort,0.150105
300000,Sortat,BubbleSort,95.400000
300000,Sortat,InsertionSort,0.001020
300000,Sortat,SelectionSort,85.500000
300000,Sortat,ShellSort,0.021288
300000,Sortat,QuickSort,161.100000
300000,Sortat,MergeSort,0.125543
300000,Inversat,BubbleSort,169.200000
300000,Inversat,InsertionSort,109.800000
300000,Inversat,SelectionSort,87.750000
300000,Inversat,ShellSort,0.028384
300000,Inversat,QuickSort,120.600000
300000,Inversat,MergeSort,0.120084
300000,AproapeSortat,BubbleSort,113.400000
300000,AproapeSortat,InsertionSort,1.051627
300000,AproapeSortat,SelectionSort,86.400000
300000,AproapeSortat,ShellSort,0.062771
300000,AproapeSortat,QuickSort,0.054038
300000,AproapeSortat,MergeSort,0.133730
305000,Random,BubbleSort,211.166750
305000,Random,InsertionSort,64.187250
305000,Random,SelectionSort,90.234250
305000,Random,ShellSort,0.087795
305000,Random,QuickSort,0.047787
305000,Random,MergeSort,0.152807
305000,Sortat,BubbleSort,98.606500
305000,Sortat,InsertionSort,0.001037
305000,Sortat,SelectionSort,88.373750
305000,Sortat,ShellSort,0.021671
305000,Sortat,QuickSort,166.514750
305000,Sortat,MergeSort,0.127802
305000,Inversat,BubbleSort,174.887000
305000,Inversat,InsertionSort,113.490500
305000,Inversat,SelectionSort,90.699375
305000,Inversat,ShellSort,0.028894
305000,Inversat,QuickSort,124.653500
305000,Inversat,MergeSort,0.122246
305000,AproapeSortat,BubbleSort,117.211500
305000,AproapeSortat,InsertionSort,1.078027
305000,AproapeSortat,SelectionSort,89.304000
305000,AproapeSortat,ShellSort,0.063901
305000,AproapeSortat,QuickSort,0.055011
305000,AproapeSortat,MergeSort,0.136137
310000,Random,BubbleSort,218.147000
310000,Random,InsertionSort,66.309000
310000,Random,SelectionSort,93.217000
310000,Random,ShellSort,0.089349
310000,Random,QuickSort,0.048633
310000,Random,MergeSort,0.155512
310000,Sortat,BubbleSort,101.866000
310000,Sortat,InsertionSort,0.001054
310000,Sortat,SelectionSort,91.295000
310000,Sortat,ShellSort,0.022054
310000,Sortat,QuickSort,172.019000
310000,Sortat,MergeSort,0.130065
310000,Inversat,BubbleSort,180.668000
310000,Inversat,InsertionSort,117.242000
310000,Inversat,SelectionSort,93.697500
310000,Inversat,ShellSort,0.029406
310000,Inversat,QuickSort,128.774000
310000,Inversat,MergeSort,0.124410
310000,AproapeSortat,BubbleSort,121.086000
310000,AproapeSortat,InsertionSort,1.104644
310000,AproapeSortat,SelectionSort,92.256000
310000,AproapeSortat,ShellSort,0.065032
310000,AproapeSortat,QuickSort,0.055984
310000,AproapeSortat,MergeSort,0.138547
315000,Random,BubbleSort,225.240750
315000,Random,InsertionSort,68.465250
315000,Random,SelectionSort,96.248250
315000,Random,ShellSort,0.090905
315000,Random,QuickSort,0.049480
315000,Random,MergeSort,0.158220
315000,Sortat,BubbleSort,105.178500
315000,Sortat,InsertionSort,0.001071
315000,Sortat,SelectionSort,94.263750
315000,Sortat,ShellSort,0.022439
315000,Sortat,QuickSort,177.612750
315000,Sortat,MergeSort,0.132330
315000,Inversat,BubbleSort,186.543000
315000,Inversat,InsertionSort,121.054500
315000,Inversat,SelectionSort,96.744375
315000,Inversat,ShellSort,0.029918
315000,Inversat,QuickSort,132.961500
315000,Inversat,MergeSort,0.126576
315000,AproapeSortat,BubbleSort,125.023500
315000,AproapeSortat,InsertionSort,1.131477
315000,AproapeSortat,SelectionSort,95.256000
315000,AproapeSortat,ShellSort,0.066165
315000,AproapeSortat,QuickSort,0.056959
315000,AproapeSortat,MergeSort,0.140960
320000,Random,BubbleSort,232.448000
320000,Random,InsertionSort,70.656000
320000,Random,SelectionSort,99.328000
320000,Random,ShellSort,0.092463
320000,Random,QuickSort,0.050328
320000,Random,MergeSort,0.160932
320000,Sortat,BubbleSort,108.544000
320000,Sortat,InsertionSort,0.001088
320000,Sortat,SelectionSort,97.280000
320000,Sortat,ShellSort,0.022823
320000,Sortat,QuickSort,183.296000
320000,Sortat,MergeSort,0.134598
320000,Inversat,BubbleSort,192.512000
320000,Inversat,InsertionSort,124.928000
320000,Inversat,SelectionSort,99.840000
320000,Inversat,ShellSort,0.030431
320000,Inversat,QuickSort,137.216000
320000,Inversat,MergeSort,0.128745
320000,AproapeSortat,BubbleSort,129.024000
320000,AproapeSortat,InsertionSort,1.158524
320000,AproapeSortat,SelectionSort,98.304000
320000,AproapeSortat,ShellSort,0.067299
320000,AproapeSortat,QuickSort,0.057935
320000,AproapeSortat,MergeSort,0.143376
325000,Random,BubbleSort,239.768750
325000,Random,InsertionSort,72.881250
325000,Random,SelectionSort,102.456250
325000,Random,ShellSort,0.094022
325000,Random,QuickSort,0.051177
325000,Random,MergeSort,0.163646
325000,Sortat,BubbleSort,111.962500
325000,Sortat,InsertionSort,0.001105
325000,Sortat,SelectionSort,100.343750
325000,Sortat,ShellSort,0.023208
325000,Sortat,QuickSort,189.068750
325000,Sortat,MergeSort,0.136868
325000,Inversat,BubbleSort,198.575000
325000,Inversat,InsertionSort,128.862500
325000,Inversat,SelectionSort,102.984375
325000,Inversat,ShellSort,0.030944
325000,Inversat,QuickSort,141.537500
325000,Inversat,MergeSort,0.130917
325000,AproapeSortat,BubbleSort,133.087500
325000,AproapeSortat,InsertionSort,1.185782
325000,AproapeSortat,SelectionSort,101.400000
325000,AproapeSortat,ShellSort,0.068434
325000,AproapeSortat,QuickSort,0.058913
325000,AproapeSortat,MergeSort,0.145794
330000,Random,BubbleSort,247.203000
330000,Random,InsertionSort,75.141000
330000,Random,SelectionSort,105.633000
330000,Random,ShellSort,0.095584
330000,Random,QuickSort,0.052027
330000,Random,MergeSort,0.166364
330000,Sortat,BubbleSort,115.434000
330000,Sortat,InsertionSort,0.001122
330000,Sortat,SelectionSort,103.455000
330000,Sortat,ShellSort,0.023593
330000,Sortat,QuickSort,194.931000
330000,Sortat,MergeSort,0.139141
330000,Inversat,BubbleSort,204.732000
330000,Inversat,InsertionSort,132.858000
330000,Inversat,SelectionSort,106.177500
330000,Inversat,ShellSort,0.031458
330000,Inversat,QuickSort,145.926000
330000,Inversat,MergeSort,0.133091
330000,AproapeSortat,BubbleSort,137.214000
330000,AproapeSortat,InsertionSort,1.213252
330000,AproapeSortat,SelectionSort,104.544000
330000,AproapeSortat,ShellSort,0.069570
330000,AproapeSortat,QuickSort,0.059891
330000,AproapeSortat,MergeSort,0.148215
335000,Random,BubbleSort,254.750750
335000,Random,InsertionSort,77.435250
335000,Random,SelectionSort,108.858250
335000,Random,ShellSort,0.097147
335000,Random,QuickSort,0.052877
335000,Random,MergeSort,0.169084
335000,Sortat,BubbleSort,118.958500
335000,Sortat,InsertionSort,0.001139
335000,Sortat,SelectionSort,106.613750
335000,Sortat,ShellSort,0.023979
335000,Sortat,QuickSort,200.882750
335000,Sortat,MergeSort,0.141416
335000,Inversat,BubbleSort,210.983000
335000,Inversat,InsertionSort,136.914500
335000,Inversat,SelectionSort,109.419375
335000,Inversat,ShellSort,0.031972
335000,Inversat,QuickSort,150.381500
335000,Inversat,MergeSort,0.135268
335000,AproapeSortat,BubbleSort,141.403500
335000,AproapeSortat,InsertionSort,1.240930
335000,AproapeSortat,SelectionSort,107.736000
335000,AproapeSortat,ShellSort,0.070708
335000,AproapeSortat,QuickSort,0.060870
335000,AproapeSortat,MergeSort,0.150639
340000,Random,BubbleSort,262.412000
340000,Random,InsertionSort,79.764000
340000,Random,SelectionSort,112.132000
340000,Random,ShellSort,0.098711
340000,Random,QuickSort,0.053729
340000,Random,MergeSort,0.171808
340000,Sortat,BubbleSort,122.536000
340000,Sortat,InsertionSort,0.001156
340000,Sortat,SelectionSort,109.820000
340000,Sortat,ShellSort,0.024365
340000,Sortat,QuickSort,206.924000
340000,Sortat,MergeSort,0.143694
340000,Inversat,BubbleSort,217.328000
340000,Inversat,InsertionSort,141.032000
340000,Inversat,SelectionSort,112.710000
340000,Inversat,ShellSort,0.032487
340000,Inversat,QuickSort,154.904000
340000,Inversat,MergeSort,0.137446
340000,AproapeSortat,BubbleSort,145.656000
340000,AproapeSortat,InsertionSort,1.268815
340000,AproapeSortat,SelectionSort,110.976000
340000,AproapeSortat,ShellSort,0.071847
340000,AproapeSortat,QuickSort,0.061851
340000,AproapeSortat,MergeSort,0.153065
345000,Random,BubbleSort,270.186750
345000,Random,InsertionSort,82.127250
345000,Random,SelectionSort,115.454250
345000,Random,ShellSort,0.100278
345000,Random,QuickSort,0.054582
345000,Random,MergeSort,0.174534
345000,Sortat,BubbleSort,126.166500
345000,Sortat,InsertionSort,0.001173
345000,Sortat,SelectionSort,113.073750
345000,Sortat,ShellSort,0.024752
345000,Sortat,QuickSort,213.054750
345000,Sortat,MergeSort,0.145974
345000,Inversat,BubbleSort,223.767000
345000,Inversat,InsertionSort,145.210500
345000,Inversat,SelectionSort,116.049375
345000,Inversat,ShellSort,0.033003
345000,Inversat,QuickSort,159.493500
345000,Inversat,MergeSort,0.139627
345000,AproapeSortat,BubbleSort,149.971500
345000,AproapeSortat,InsertionSort,1.296906
345000,AproapeSortat,SelectionSort,114.264000
345000,AproapeSortat,ShellSort,0.072987
345000,AproapeSortat,QuickSort,0.062832
345000,AproapeSortat,MergeSort,0.155494
350000,Random,BubbleSort,278.075000
350000,Random,InsertionSort,84.525000
350000,Random,SelectionSort,118.825000
350000,Random,ShellSort,0.101846
350000,Random,QuickSort,0.055435
350000,Random,MergeSort,0.177264
350000,Sortat,BubbleSort,129.850000
350000,Sortat,InsertionSort,0.001190
350000,Sortat,SelectionSort,116.375000
350000,Sortat,ShellSort,0.025139
350000,Sortat,QuickSort,219.275000
350000,Sortat,MergeSort,0.148257
350000,Inversat,BubbleSort,230.300000
350000,Inversat,InsertionSort,149.450000
350000,Inversat,SelectionSort,119.437500
350000,Inversat,ShellSort,0.033519
350000,Inversat,QuickSort,164.150000
350000,Inversat,MergeSort,0.141811
350000,AproapeSortat,BubbleSort,154.350000
350000,AproapeSortat,InsertionSort,1.325202
350000,AproapeSortat,SelectionSort,117.600000
350000,AproapeSortat,ShellSort,0.074128
350000,AproapeSortat,QuickSort,0.063815
350000,AproapeSortat,MergeSort,0.157926
355000,Random,BubbleSort,286.076750
355000,Random,InsertionSort,86.957250
355000,Random,SelectionSort,122.244250
355000,Random,ShellSort,0.103416
355000,Random,QuickSort,0.056290
355000,Random,MergeSort,0.179996
355000,Sortat,BubbleSort,133.586500
355000,Sortat,InsertionSort,0.001207
355000,Sortat,SelectionSort,119.723750
355000,Sortat,ShellSort,0.025527
355000,Sortat,QuickSort,225.584750
355000,Sortat,MergeSort,0.150542
355000,Inversat,BubbleSort,236.927000
355000,Inversat,InsertionSort,153.750500
355000,Inversat,SelectionSort,122.874375
355000,Inversat,ShellSort,0.034036
355000,Inversat,QuickSort,168.873500
355000,Inversat,MergeSort,0.143997
355000,AproapeSortat,BubbleSort,158.791500
355000,AproapeSortat,InsertionSort,1.353700
355000,AproapeSortat,SelectionSort,120.984000
355000,AproapeSortat,ShellSort,0.075271
355000,AproapeSortat,QuickSort,0.064798
355000,AproapeSortat,MergeSort,0.160360
360000,Random,BubbleSort,294.192000
360000,Random,InsertionSort,89.424000
360000,Random,SelectionSort,125.712000
360000,Random,ShellSort,0.104987
360000,Random,QuickSort,0.057145
360000,Random,MergeSort,0.182731
360000,Sortat,BubbleSort,137.376000
360000,Sortat,InsertionSort,0.001224
360000,Sortat,SelectionSort,123.120000
360000,Sortat,ShellSort,0.025915
360000,Sortat,QuickSort,231.984000
360000,Sortat,MergeSort,0.152829
360000,Inversat,BubbleSort,243.648000
360000,Inversat,InsertionSort,158.112000
360000,Inversat,SelectionSort,126.360000
360000,Inversat,ShellSort,0.034553
360000,Inversat,QuickSort,173.664000
360000,Inversat,MergeSort,0.146184
360000,AproapeSortat,BubbleSort,163.296000
360000,AproapeSortat,InsertionSort,1.382400
360000,AproapeSortat,SelectionSort,124.416000
360000,AproapeSortat,ShellSort,0.076415
360000,AproapeSortat,QuickSort,0.065783
360000,AproapeSortat,MergeSort,0.162796
365000,Random,BubbleSort,302.420750
365000,Random,InsertionSort,91.925250
365000,Random,SelectionSort,129.228250
365000,Random,ShellSort,0.106560
365000,Random,QuickSort,0.058001
365000,Random,MergeSort,0.185468
365000,Sortat,BubbleSort,141.218500
365000,Sortat,InsertionSort,0.001241
365000,Sortat,SelectionSort,126.563750
365000,Sortat,ShellSort,0.026303
365000,Sortat,QuickSort,238.472750
365000,Sortat,MergeSort,0.155119
365000,Inversat,BubbleSort,250.463000
365000,Inversat,InsertionSort,162.534500
365000,Inversat,SelectionSort,129.894375
365000,Inversat,ShellSort,0.035070
365000,Inversat,QuickSort,178.521500
365000,Inversat,MergeSort,0.148375
365000,AproapeSortat,BubbleSort,167.863500
365000,AproapeSortat,InsertionSort,1.411300
365000,AproapeSortat,SelectionSort,127.896000
365000,AproapeSortat,ShellSort,0.077559
365000,AproapeSortat,QuickSort,0.066769
365000,AproapeSortat,MergeSort,0.165235
370000,Random,BubbleSort,310.763000
370000,Random,InsertionSort,94.461000
370000,Random,SelectionSort,132.793000
370000,Random,ShellSort,0.108134
370000,Random,QuickSort,0.058858
370000,Random,MergeSort,0.188209
370000,Sortat,BubbleSort,145.114000
370000,Sortat,InsertionSort,0.001258
370000,Sortat,SelectionSort,130.055000
370000,Sortat,ShellSort,0.026691
370000,Sortat,QuickSort,245.051000
370000,Sortat,MergeSort,0.157411
370000,Inversat,BubbleSort,257.372000
370000,Inversat,InsertionSort,167.018000
370000,Inversat,SelectionSort,133.477500
370000,Inversat,ShellSort,0.035589
370000,Inversat,QuickSort,183.446000
370000,Inversat,MergeSort,0.150567
370000,AproapeSortat,BubbleSort,172.494000
370000,AproapeSortat,InsertionSort,1.440398
370000,AproapeSortat,SelectionSort,131.424000
370000,AproapeSortat,ShellSort,0.078705
370000,AproapeSortat,QuickSort,0.067755
370000,AproapeSortat,MergeSort,0.167677
375000,Random,BubbleSort,319.218750
375000,Random,InsertionSort,97.031250
375000,Random,SelectionSort,136.406250
375000,Random,ShellSort,0.109710
375000,Random,QuickSort,0.059716
375000,Random,MergeSort,0.190952
375000,Sortat,BubbleSort,149.062500
375000,Sortat,InsertionSort,0.001275
375000,Sortat,SelectionSort,133.593750
375000,Sortat,ShellSort,0.027080
375000,Sortat,QuickSort,251.718750
375000,Sortat,MergeSort,0.159705
375000,Inversat,BubbleSort,264.375000
375000,Inversat,InsertionSort,171.562500
375000,Inversat,SelectionSort,137.109375
375000,Inversat,ShellSort,0.036107
375000,Inversat,QuickSort,188.437500
375000,Inversat,MergeSort,0.152761
375000,AproapeSortat,BubbleSort,177.187500
375000,AproapeSortat,InsertionSort,1.469694
375000,AproapeSortat,SelectionSort,135.000000
375000,AproapeSortat,ShellSort,0.079853
375000,AproapeSortat,QuickSort,0.068743
375000,AproapeSortat,MergeSort,0.170121
380000,Random,BubbleSort,327.788000
380000,Random,InsertionSort,99.636000
380000,Random,SelectionSort,140.068000
380000,Random,ShellSort,0.111288
380000,Random,QuickSort,0.060574
380000,Random,MergeSort,0.193697
380000,Sortat,BubbleSort,153.064000
380000,Sortat,InsertionSort,0.001292
380000,Sortat,SelectionSort,137.180000
380000,Sortat,ShellSort,0.027470
380000,Sortat,QuickSort,258.476000
380000,Sortat,MergeSort,0.162001
380000,Inversat,BubbleSort,271.472000
380000,Inversat,InsertionSort,176.168000
380000,Inversat,SelectionSort,140.790000
380000,Inversat,ShellSort,0.036626
380000,Inversat,QuickSort,193.496000
380000,Inversat,MergeSort,0.154958
380000,AproapeSortat,BubbleSort,181.944000
380000,AproapeSortat,InsertionSort,1.499185
380000,AproapeSortat,SelectionSort,138.624000
380000,AproapeSortat,ShellSort,0.081001
380000,AproapeSortat,QuickSort,0.069731
380000,AproapeSortat,MergeSort,0.172567
385000,Random,BubbleSort,336.470750
385000,Random,InsertionSort,102.275250
385000,Random,SelectionSort,143.778250
385000,Random,ShellSort,0.112867
385000,Random,QuickSort,0.061434
385000,Random,MergeSort,0.196446
385000,Sortat,BubbleSort,157.118500
385000,Sortat,InsertionSort,0.001309
385000,Sortat,SelectionSort,140.813750
385000,Sortat,ShellSort,0.027860
385000,Sortat,QuickSort,265.322750
385000,Sortat,MergeSort,0.164300
385000,Inversat,BubbleSort,278.663000
385000,Inversat,InsertionSort,180.834500
385000,Inversat,SelectionSort,144.519375
385000,Inversat,ShellSort,0.037146
385000,Inversat,QuickSort,198.621500
385000,Inversat,MergeSort,0.157157
385000,AproapeSortat,BubbleSort,186.763500
385000,AproapeSortat,InsertionSort,1.528872
385000,AproapeSortat,SelectionSort,142.296000
385000,AproapeSortat,ShellSort,0.082150
385000,AproapeSortat,QuickSort,0.070720
385000,AproapeSortat,MergeSort,0.175015
390000,Random,BubbleSort,345.267000
390000,Random,InsertionSort,104.949000
390000,Random,SelectionSort,147.537000
390000,Random,ShellSort,0.114448
390000,Random,QuickSort,0.062294
390000,Random,MergeSort,0.199197
390000,Sortat,BubbleSort,161.226000
390000,Sortat,InsertionSort,0.001326
390000,Sortat,SelectionSort,144.495000
390000,Sortat,ShellSort,0.028250
390000,Sortat,QuickSort,272.259000
390000,Sortat,MergeSort,0.166601
390000,Inversat,BubbleSort,285.948000
390000,Inversat,InsertionSort,185.562000
390000,Inversat,SelectionSort,148.297500
390000,Inversat,ShellSort,0.037666
390000,Inversat,QuickSort,203.814000
390000,Inversat,MergeSort,0.159357
390000,AproapeSortat,BubbleSort,191.646000
390000,AproapeSortat,InsertionSort,1.558752
390000,AproapeSortat,SelectionSort,146.016000
390000,AproapeSortat,ShellSort,0.083300
390000,AproapeSortat,QuickSort,0.071711
390000,AproapeSortat,MergeSort,0.177466
395000,Random,BubbleSort,354.176750
395000,Random,InsertionSort,107.657250
395000,Random,SelectionSort,151.344250
395000,Random,ShellSort,0.116030
395000,Random,QuickSort,0.063155
395000,Random,MergeSort,0.201950
395000,Sortat,BubbleSort,165.386500
395000,Sortat,InsertionSort,0.001343
395000,Sortat,SelectionSort,148.223750
395000,Sortat,ShellSort,0.028640
395000,Sortat,QuickSort,279.284750
395000,Sortat,MergeSort,0.168904
395000,Inversat,BubbleSort,293.327000
395000,Inversat,InsertionSort,190.350500
395000,Inversat,SelectionSort,152.124375
395000,Inversat,ShellSort,0.038187
395000,Inversat,QuickSort,209.073500
395000,Inversat,MergeSort,0.161560
395000,AproapeSortat,BubbleSort,196.591500
395000,AproapeSortat,InsertionSort,1.588823
395000,AproapeSortat,SelectionSort,149.784000
395000,AproapeSortat,ShellSort,0.084452
395000,AproapeSortat,QuickSort,0.072702
395000,AproapeSortat,MergeSort,0.179919
400000,Random,BubbleSort,363.200000
400000,Random,InsertionSort,110.400000
400000,Random,SelectionSort,155.200000
400000,Random,ShellSort,0.117613
400000,Random,QuickSort,0.064017
400000,Random,MergeSort,0.204706
400000,Sortat,BubbleSort,169.600000
400000,Sortat,InsertionSort,0.001360
400000,Sortat,SelectionSort,152.000000
400000,Sortat,ShellSort,0.029031
400000,Sortat,QuickSort,286.400000
400000,Sortat,MergeSort,0.171209
400000,Inversat,BubbleSort,300.800000
400000,Inversat,InsertionSort,195.200000
400000,Inversat,SelectionSort,156.000000
400000,Inversat,ShellSort,0.038708
400000,Inversat,QuickSort,214.400000
400000,Inversat,MergeSort,0.163765
400000,AproapeSortat,BubbleSort,201.600000
400000,AproapeSortat,InsertionSort,1.619086
400000,AproapeSortat,SelectionSort,153.600000
400000,AproapeSortat,ShellSort,0.085604
400000,AproapeSortat,QuickSort,0.073694
400000,AproapeSortat,MergeSort,0.182374
405000,Random,BubbleSort,372.336750
405000,Random,InsertionSort,113.177250
405000,Random,SelectionSort,159.104250
405000,Random,ShellSort,0.119198
405000,Random,QuickSort,0.064880
405000,Random,MergeSort,0.207464
405000,Sortat,BubbleSort,173.866500
405000,Sortat,InsertionSort,0.001377
405000,Sortat,SelectionSort,155.823750
405000,Sortat,ShellSort,0.029422
405000,Sortat,QuickSort,293.604750
405000,Sortat,MergeSort,0.173516
405000,Inversat,BubbleSort,308.367000
405000,Inversat,InsertionSort,200.110500
405000,Inversat,SelectionSort,159.924375
405000,Inversat,ShellSort,0.039230
405000,Inversat,QuickSort,219.793500
405000,Inversat,MergeSort,0.165972
405000,AproapeSortat,BubbleSort,206.671500
405000,AproapeSortat,InsertionSort,1.649539
405000,AproapeSortat,SelectionSort,157.464000
405000,AproapeSortat,ShellSort,0.086758
405000,AproapeSortat,QuickSort,0.074687
405000,AproapeSortat,MergeSort,0.184832
410000,Random,BubbleSort,381.587000
410000,Random,InsertionSort,115.989000
410000,Random,SelectionSort,163.057000
410000,Random,ShellSort,0.120784
410000,Random,QuickSort,0.065743
410000,Random,MergeSort,0.210225
410000,Sortat,BubbleSort,178.186000
410000,Sortat,InsertionSort,0.001394
410000,Sortat,SelectionSort,159.695000
410000,Sortat,ShellSort,0.029814
410000,Sortat,QuickSort,300.899000
410000,Sortat,MergeSort,0.175825
410000,Inversat,BubbleSort,316.028000
410000,Inversat,InsertionSort,205.082000
410000,Inversat,SelectionSort,163.897500
410000,Inversat,ShellSort,0.039752
410000,Inversat,QuickSort,225.254000
410000,Inversat,MergeSort,0.168180
410000,AproapeSortat,BubbleSort,211.806000
410000,AproapeSortat,InsertionSort,1.680180
410000,AproapeSortat,SelectionSort,161.376000
410000,AproapeSortat,ShellSort,0.087912
410000,AproapeSortat,QuickSort,0.075681
410000,AproapeSortat,MergeSort,0.187292
415000,Random,BubbleSort,390.950750
415000,Random,InsertionSort,118.835250
415000,Random,SelectionSort,167.058250
415000,Random,ShellSort,0.122372
415000,Random,QuickSort,0.066607
415000,Random,MergeSort,0.212989
415000,Sortat,BubbleSort,182.558500
415000,Sortat,InsertionSort,0.001411
415000,Sortat,SelectionSort,163.613750
415000,Sortat,ShellSort,0.030206
415000,Sortat,QuickSort,308.282750
415000,Sortat,MergeSort,0.178136
415000,Inversat,BubbleSort,323.783000
415000,Inversat,InsertionSort,210.114500
415000,Inversat,SelectionSort,167.919375
415000,Inversat,ShellSort,0.040274
415000,Inversat,QuickSort,230.781500
415000,Inversat,MergeSort,0.170391
415000,AproapeSortat,BubbleSort,217.003500
415000,AproapeSortat,InsertionSort,1.711008
415000,AproapeSortat,SelectionSort,165.336000
415000,AproapeSortat,ShellSort,0.089068
415000,AproapeSortat,QuickSort,0.076676
415000,AproapeSortat,MergeSort,0.189754
420000,Random,BubbleSort,400.428000
420000,Random,InsertionSort,121.716000
420000,Random,SelectionSort,171.108000
420000,Random,ShellSort,0.123961
420000,Random,QuickSort,0.067472
420000,Random,MergeSort,0.215754
420000,Sortat,BubbleSort,186.984000
420000,Sortat,InsertionSort,0.001428
420000,Sortat,SelectionSort,167.580000
420000,Sortat,ShellSort,0.030598
420000,Sortat,QuickSort,315.756000
420000,Sortat,MergeSort,0.180449
420000,Inversat,BubbleSort,331.632000
420000,Inversat,InsertionSort,215.208000
420000,Inversat,SelectionSort,171.990000
420000,Inversat,ShellSort,0.040797
420000,Inversat,QuickSort,236.376000
420000,Inversat,MergeSort,0.172603
420000,AproapeSortat,BubbleSort,222.264000
420000,AproapeSortat,InsertionSort,1.742023
420000,AproapeSortat,SelectionSort,169.344000
420000,AproapeSortat,ShellSort,0.090225
420000,AproapeSortat,QuickSort,0.077672
420000,AproapeSortat,MergeSort,0.192218
425000,Random,BubbleSort,410.018750
425000,Random,InsertionSort,124.631250
425000,Random,SelectionSort,175.206250
425000,Random,ShellSort,0.125551
425000,Random,QuickSort,0.068338
425000,Random,MergeSort,0.218522
425000,Sortat,BubbleSort,191.462500
425000,Sortat,InsertionSort,0.001445
425000,Sortat,SelectionSort,171.593750
425000,Sortat,ShellSort,0.030990
425000,Sortat,QuickSort,323.318750
425000,Sortat,MergeSort,0.182764
425000,Inversat,BubbleSort,339.575000
425000,Inversat,InsertionSort,220.362500
425000,Inversat,SelectionSort,176.109375
425000,Inversat,ShellSort,0.041321
425000,Inversat,QuickSort,242.037500
425000,Inversat,MergeSort,0.174818
425000,AproapeSortat,BubbleSort,227.587500
425000,AproapeSortat,InsertionSort,1.773223
425000,AproapeSortat,SelectionSort,173.400000
425000,AproapeSortat,ShellSort,0.091382
425000,AproapeSortat,QuickSort,0.078668
425000,AproapeSortat,MergeSort,0.194684
430000,Random,BubbleSort,419.723000
430000,Random,InsertionSort,127.581000
430000,Random,SelectionSort,179.353000
430000,Random,ShellSort,0.127143
430000,Random,QuickSort,0.069204
430000,Random,MergeSort,0.221293
430000,Sortat,BubbleSort,195.994000
430000,Sortat,InsertionSort,0.001462
430000,Sortat,SelectionSort,175.655000
430000,Sortat,ShellSort,0.031383
430000,Sortat,QuickSort,330.971000
430000,Sortat,MergeSort,0.185081
430000,Inversat,BubbleSort,347.612000
430000,Inversat,InsertionSort,225.578000
430000,Inversat,SelectionSort,180.277500
430000,Inversat,ShellSort,0.041844
430000,Inversat,QuickSort,247.766000
430000,Inversat,MergeSort,0.177034
430000,AproapeSortat,BubbleSort,232.974000
430000,AproapeSortat,InsertionSort,1.804607
430000,AproapeSortat,SelectionSort,177.504000
430000,AproapeSortat,ShellSort,0.092541
430000,AproapeSortat,QuickSort,0.079665
430000,AproapeSortat,MergeSort,0.197152
435000,Random,BubbleSort,429.540750
435000,Random,InsertionSort,130.565250
435000,Random,SelectionSort,183.548250
435000,Random,ShellSort,0.128736
435000,Random,QuickSort,0.070071
435000,Random,MergeSort,0.224065
435000,Sortat,BubbleSort,200.578500
435000,Sortat,InsertionSort,0.001479
435000,Sortat,SelectionSort,179.763750
435000,Sortat,ShellSort,0.031777
435000,Sortat,QuickSort,338.712750
435000,Sortat,MergeSort,0.187400
435000,Inversat,BubbleSort,355.743000
435000,Inversat,InsertionSort,230.854500
435000,Inversat,SelectionSort,184.494375
435000,Inversat,ShellSort,0.042369
435000,Inversat,QuickSort,253.561500
435000,Inversat,MergeSort,0.179252
435000,AproapeSortat,BubbleSort,238.423500
435000,AproapeSortat,InsertionSort,1.836174
435000,AproapeSortat,SelectionSort,181.656000
435000,AproapeSortat,ShellSort,0.093700
435000,AproapeSortat,QuickSort,0.080664
435000,AproapeSortat,MergeSort,0.199622
440000,Random,BubbleSort,439.472000
440000,Random,InsertionSort,133.584000
440000,Random,SelectionSort,187.792000
440000,Random,ShellSort,0.130330
440000,Random,QuickSort,0.070939
440000,Random,MergeSort,0.226840
440000,Sortat,BubbleSort,205.216000
440000,Sortat,InsertionSort,0.001496
440000,Sortat,SelectionSort,183.920000
440000,Sortat,ShellSort,0.032170
440000,Sortat,QuickSort,346.544000
440000,Sortat,MergeSort,0.189721
440000,Inversat,BubbleSort,363.968000
440000,Inversat,InsertionSort,236.192000
440000,Inversat,SelectionSort,188.760000
440000,Inversat,ShellSort,0.042893
440000,Inversat,QuickSort,259.424000
440000,Inversat,MergeSort,0.181472
440000,AproapeSortat,BubbleSort,243.936000
440000,AproapeSortat,InsertionSort,1.867923
440000,AproapeSortat,SelectionSort,185.856000
440000,AproapeSortat,ShellSort,0.094861
440000,AproapeSortat,QuickSort,0.081663
440000,AproapeSortat,MergeSort,0.202094
445000,Random,BubbleSort,449.516750
445000,Random,InsertionSort,136.637250
445000,Random,SelectionSort,192.084250
445000,Random,ShellSort,0.131926
445000,Random,QuickSort,0.071808
445000,Random,MergeSort,0.229618
445000,Sortat,BubbleSort,209.906500
445000,Sortat,InsertionSort,0.001513
445000,Sortat,SelectionSort,188.123750
445000,Sortat,ShellSort,0.032564
445000,Sortat,QuickSort,354.464750
445000,Sortat,MergeSort,0.192044
445000,Inversat,BubbleSort,372.287000
445000,Inversat,InsertionSort,241.590500
445000,Inversat,SelectionSort,193.074375
445000,Inversat,ShellSort,0.043419
445000,Inversat,QuickSort,265.353500
445000,Inversat,MergeSort,0.183694
445000,AproapeSortat,BubbleSort,249.511500
445000,AproapeSortat,InsertionSort,1.899853
445000,AproapeSortat,SelectionSort,190.104000
445000,AproapeSortat,ShellSort,0.096022
445000,AproapeSortat,QuickSort,0.082662
445000,AproapeSortat,MergeSort,0.204568
450000,Random,BubbleSort,459.675000
450000,Random,InsertionSort,139.725000
450000,Random,SelectionSort,196.425000
450000,Random,ShellSort,0.133523
450000,Random,QuickSort,0.072677
450000,Random,MergeSort,0.232397
450000,Sortat,BubbleSort,214.650000
450000,Sortat,InsertionSort,0.001530
450000,Sortat,SelectionSort,192.375000
450000,Sortat,ShellSort,0.032958
450000,Sortat,QuickSort,362.475000
450000,Sortat,MergeSort,0.194369
450000,Inversat,BubbleSort,380.700000
450000,Inversat,InsertionSort,247.050000
450000,Inversat,SelectionSort,197.437500
450000,Inversat,ShellSort,0.043944
450000,Inversat,QuickSort,271.350000
450000,Inversat,MergeSort,0.185918
450000,AproapeSortat,BubbleSort,255.150000
450000,AproapeSortat,InsertionSort,1.931963
450000,AproapeSortat,SelectionSort,194.400000
450000,AproapeSortat,ShellSort,0.097184
450000,AproapeSortat,QuickSort,0.083663
450000,AproapeSortat,MergeSort,0.207045
455000,Random,BubbleSort,469.946750
455000,Random,InsertionSort,142.847250
455000,Random,SelectionSort,200.814250
455000,Random,ShellSort,0.135121
455000,Random,QuickSort,0.073547
455000,Random,MergeSort,0.235179
455000,Sortat,BubbleSort,219.446500
455000,Sortat,InsertionSort,0.001547
455000,Sortat,SelectionSort,196.673750
455000,Sortat,ShellSort,0.033353
455000,Sortat,QuickSort,370.574750
455000,Sortat,MergeSort,0.196695
455000,Inversat,BubbleSort,389.207000
455000,Inversat,InsertionSort,252.570500
455000,Inversat,SelectionSort,201.849375
455000,Inversat,ShellSort,0.044470
455000,Inversat,QuickSort,277.413500
455000,Inversat,MergeSort,0.188143
455000,AproapeSortat,BubbleSort,260.851500
455000,AproapeSortat,InsertionSort,1.964251
455000,AproapeSortat,SelectionSort,198.744000
455000,AproapeSortat,ShellSort,0.098347
455000,AproapeSortat,QuickSort,0.084664
455000,AproapeSortat,MergeSort,0.209523
460000,Random,BubbleSort,480.332000
460000,Random,InsertionSort,146.004000
460000,Random,SelectionSort,205.252000
460000,Random,ShellSort,0.136720
460000,Random,QuickSort,0.074417
460000,Random,MergeSort,0.237963
460000,Sortat,BubbleSort,224.296000
460000,Sortat,InsertionSort,0.001564
460000,Sortat,SelectionSort,201.020000
460000,Sortat,ShellSort,0.033747
460000,Sortat,QuickSort,378.764000
460000,Sortat,MergeSort,0.199023
460000,Inversat,BubbleSort,397.808000
460000,Inversat,InsertionSort,258.152000
460000,Inversat,SelectionSort,206.310000
460000,Inversat,ShellSort,0.044997
460000,Inversat,QuickSort,283.544000
460000,Inversat,MergeSort,0.190370
460000,AproapeSortat,BubbleSort,266.616000
460000,AproapeSortat,InsertionSort,1.996718
460000,AproapeSortat,SelectionSort,203.136000
460000,AproapeSortat,ShellSort,0.099512
460000,AproapeSortat,QuickSort,0.085667
460000,AproapeSortat,MergeSort,0.212003
465000,Random,BubbleSort,490.830750
465000,Random,InsertionSort,149.195250
465000,Random,SelectionSort,209.738250
465000,Random,ShellSort,0.138321
465000,Random,QuickSort,0.075289
465000,Random,MergeSort,0.240749
465000,Sortat,BubbleSort,229.198500
465000,Sortat,InsertionSort,0.001581
465000,Sortat,SelectionSort,205.413750
465000,Sortat,ShellSort,0.034143
465000,Sortat,QuickSort,387.042750
465000,Sortat,MergeSort,0.201353
465000,Inversat,BubbleSort,406.503000
465000,Inversat,InsertionSort,263.794500
465000,Inversat,SelectionSort,210.819375
465000,Inversat,ShellSort,0.045523
465000,Inversat,QuickSort,289.741500
465000,Inversat,MergeSort,0.192599
465000,AproapeSortat,BubbleSort,272.443500
465000,AproapeSortat,InsertionSort,2.029361
465000,AproapeSortat,SelectionSort,207.576000
465000,AproapeSortat,ShellSort,0.100677
465000,AproapeSortat,QuickSort,0.086670
465000,AproapeSortat,MergeSort,0.214485
470000,Random,BubbleSort,501.443000
470000,Random,InsertionSort,152.421000
470000,Random,SelectionSort,214.273000
470000,Random,ShellSort,0.139923
470000,Random,QuickSort,0.076161
470000,Random,MergeSort,0.243537
470000,Sortat,BubbleSort,234.154000
470000,Sortat,InsertionSort,0.001598
470000,Sortat,SelectionSort,209.855000
470000,Sortat,ShellSort,0.034538
470000,Sortat,QuickSort,395.411000
470000,Sortat,MergeSort,0.203685
470000,Inversat,BubbleSort,415.292000
470000,Inversat,InsertionSort,269.498000
470000,Inversat,SelectionSort,215.377500
470000,Inversat,ShellSort,0.046051
470000,Inversat,QuickSort,296.006000
470000,Inversat,MergeSort,0.194829
470000,AproapeSortat,BubbleSort,278.334000
470000,AproapeSortat,InsertionSort,2.062181
470000,AproapeSortat,SelectionSort,212.064000
470000,AproapeSortat,ShellSort,0.101843
470000,AproapeSortat,QuickSort,0.087673
470000,AproapeSortat,MergeSort,0.216969
475000,Random,BubbleSort,512.168750
475000,Random,InsertionSort,155.681250
475000,Random,SelectionSort,218.856250
475000,Random,ShellSort,0.141526
475000,Random,QuickSort,0.077033
475000,Random,MergeSort,0.246327
475000,Sortat,BubbleSort,239.162500
475000,Sortat,InsertionSort,0.001615
475000,Sortat,SelectionSort,214.343750
475000,Sortat,ShellSort,0.034934
475000,Sortat,QuickSort,403.868750
475000,Sortat,MergeSort,0.206019
475000,Inversat,BubbleSort,424.175000
475000,Inversat,InsertionSort,275.262500
475000,Inversat,SelectionSort,219.984375
475000,Inversat,ShellSort,0.046578
475000,Inversat,QuickSort,302.337500
475000,Inversat,MergeSort,0.197062
475000,AproapeSortat,BubbleSort,284.287500
475000,AproapeSortat,InsertionSort,2.095175
475000,AproapeSortat,SelectionSort,216.600000
475000,AproapeSortat,ShellSort,0.103009
475000,AproapeSortat,QuickSort,0.088678
475000,AproapeSortat,MergeSort,0.219455
480000,Random,BubbleSort,523.008000
480000,Random,InsertionSort,158.976000
480000,Random,SelectionSort,223.488000
480000,Random,ShellSort,0.143130
480000,Random,QuickSort,0.077906
480000,Random,MergeSort,0.249119
480000,Sortat,BubbleSort,244.224000
480000,Sortat,InsertionSort,0.001632
480000,Sortat,SelectionSort,218.880000
480000,Sortat,ShellSort,0.035330
480000,Sortat,QuickSort,412.416000
480000,Sortat,MergeSort,0.208354
480000,Inversat,BubbleSort,433.152000
480000,Inversat,InsertionSort,281.088000
480000,Inversat,SelectionSort,224.640000
480000,Inversat,ShellSort,0.047106
480000,Inversat,QuickSort,308.736000
480000,Inversat,MergeSort,0.199295
480000,AproapeSortat,BubbleSort,290.304000
480000,AproapeSortat,InsertionSort,2.128344
480000,AproapeSortat,SelectionSort,221.184000
480000,AproapeSortat,ShellSort,0.104177
480000,AproapeSortat,QuickSort,0.089683
480000,AproapeSortat,MergeSort,0.221943
485000,Random,BubbleSort,533.960750
485000,Random,InsertionSort,162.305250
485000,Random,SelectionSort,228.168250
485000,Random,ShellSort,0.144736
485000,Random,QuickSort,0.078780
485000,Random,MergeSort,0.251914
485000,Sortat,BubbleSort,249.338500
485000,Sortat,InsertionSort,0.001649
485000,Sortat,SelectionSort,223.463750
485000,Sortat,ShellSort,0.035726
485000,Sortat,QuickSort,421.052750
485000,Sortat,MergeSort,0.210691
485000,Inversat,BubbleSort,442.223000
485000,Inversat,InsertionSort,286.974500
485000,Inversat,SelectionSort,229.344375
485000,Inversat,ShellSort,0.047635
485000,Inversat,QuickSort,315.201500
485000,Inversat,MergeSort,0.201531
485000,AproapeSortat,BubbleSort,296.383500
485000,AproapeSortat,InsertionSort,2.161686
485000,AproapeSortat,SelectionSort,225.816000
485000,AproapeSortat,ShellSort,0.105346
485000,AproapeSortat,QuickSort,0.090689
485000,AproapeSortat,MergeSort,0.224432
490000,Random,BubbleSort,545.027000
490000,Random,InsertionSort,165.669000
490000,Random,SelectionSort,232.897000
490000,Random,ShellSort,0.146343
490000,Random,QuickSort,0.079655
490000,Random,MergeSort,0.254710
490000,Sortat,BubbleSort,254.506000
490000,Sortat,InsertionSort,0.001666
490000,Sortat,SelectionSort,228.095000
490000,Sortat,ShellSort,0.036123
490000,Sortat,QuickSort,429.779000
490000,Sortat,MergeSort,0.213030
490000,Inversat,BubbleSort,451.388000
490000,Inversat,InsertionSort,292.922000
490000,Inversat,SelectionSort,234.097500
490000,Inversat,ShellSort,0.048163
490000,Inversat,QuickSort,321.734000
490000,Inversat,MergeSort,0.203768
490000,AproapeSortat,BubbleSort,302.526000
490000,AproapeSortat,InsertionSort,2.195200
490000,AproapeSortat,SelectionSort,230.496000
490000,AproapeSortat,ShellSort,0.106515
490000,AproapeSortat,QuickSort,0.091696
490000,AproapeSortat,MergeSort,0.226924
495000,Random,BubbleSort,556.206750
495000,Random,InsertionSort,169.067250
495000,Random,SelectionSort,237.674250
495000,Random,ShellSort,0.147950
495000,Random,QuickSort,0.080530
495000,Random,MergeSort,0.257509
495000,Sortat,BubbleSort,259.726500
495000,Sortat,InsertionSort,0.001683
495000,Sortat,SelectionSort,232.773750
495000,Sortat,ShellSort,0.036519
495000,Sortat,QuickSort,438.594750
495000,Sortat,MergeSort,0.215371
495000,Inversat,BubbleSort,460.647000
495000,Inversat,InsertionSort,298.930500
495000,Inversat,SelectionSort,238.899375
495000,Inversat,ShellSort,0.048693
495000,Inversat,QuickSort,328.333500
495000,Inversat,MergeSort,0.206007
495000,AproapeSortat,BubbleSort,308.731500
495000,AproapeSortat,InsertionSort,2.228886
495000,AproapeSortat,SelectionSort,235.224000
495000,AproapeSortat,ShellSort,0.107685
495000,AproapeSortat,QuickSort,0.092703
495000,AproapeSortat,MergeSort,0.229417
500000,Random,BubbleSort,567.500000
500000,Random,InsertionSort,172.500000
500000,Random,SelectionSort,242.500000
500000,Random,ShellSort,0.149559
500000,Random,QuickSort,0.081406
500000,Random,MergeSort,0.260309
500000,Sortat,BubbleSort,265.000000
500000,Sortat,InsertionSort,0.001700
500000,Sortat,SelectionSort,237.500000
500000,Sortat,ShellSort,0.036917
500000,Sortat,QuickSort,447.500000
500000,Sortat,MergeSort,0.217713
500000,Inversat,BubbleSort,470.000000
500000,Inversat,InsertionSort,305.000000
500000,Inversat,SelectionSort,243.750000
500000,Inversat,ShellSort,0.049222
500000,Inversat,QuickSort,335.000000
500000,Inversat,MergeSort,0.208247
500000,AproapeSortat,BubbleSort,315.000000
500000,AproapeSortat,InsertionSort,2.262742
500000,AproapeSortat,SelectionSort,240.000000
500000,AproapeSortat,ShellSort,0.108857
500000,AproapeSortat,QuickSort,0.093711
500000,AproapeSortat,MergeSort,0.231912
505000,Random,BubbleSort,578.906750
505000,Random,InsertionSort,175.967250
505000,Random,SelectionSort,247.374250
505000,Random,ShellSort,0.151170
505000,Random,QuickSort,0.082282
505000,Random,MergeSort,0.263112
505000,Sortat,BubbleSort,270.326500
505000,Sortat,InsertionSort,0.001717
505000,Sortat,SelectionSort,242.273750
505000,Sortat,ShellSort,0.037314
505000,Sortat,QuickSort,456.494750
505000,Sortat,MergeSort,0.220057
505000,Inversat,BubbleSort,479.447000
505000,Inversat,InsertionSort,311.130500
505000,Inversat,SelectionSort,248.649375
505000,Inversat,ShellSort,0.049752
505000,Inversat,QuickSort,341.733500
505000,Inversat,MergeSort,0.210489
505000,AproapeSortat,BubbleSort,321.331500
505000,AproapeSortat,InsertionSort,2.296768
505000,AproapeSortat,SelectionSort,244.824000
505000,AproapeSortat,ShellSort,0.110028
505000,AproapeSortat,QuickSort,0.094720
505000,AproapeSortat,MergeSort,0.234408
510000,Random,BubbleSort,590.427000
510000,Random,InsertionSort,179.469000
510000,Random,SelectionSort,252.297000
510000,Random,ShellSort,0.152781
510000,Random,QuickSort,0.083159
510000,Random,MergeSort,0.265916
510000,Sortat,BubbleSort,275.706000
510000,Sortat,InsertionSort,0.001734
510000,Sortat,SelectionSort,247.095000
510000,Sortat,ShellSort,0.037712
510000,Sortat,QuickSort,465.579000
510000,Sortat,MergeSort,0.222402
510000,Inversat,BubbleSort,488.988000
510000,Inversat,InsertionSort,317.322000
510000,Inversat,SelectionSort,253.597500
510000,Inversat,ShellSort,0.050282
510000,Inversat,QuickSort,348.534000
510000,Inversat,MergeSort,0.212733
510000,AproapeSortat,BubbleSort,327.726000
510000,AproapeSortat,InsertionSort,2.330962
510000,AproapeSortat,SelectionSort,249.696000
510000,AproapeSortat,ShellSort,0.111201
510000,AproapeSortat,QuickSort,0.095730
510000,AproapeSortat,MergeSort,0.236907
515000,Random,BubbleSort,602.060750
515000,Random,InsertionSort,183.005250
515000,Random,SelectionSort,257.268250
515000,Random,ShellSort,0.154393
515000,Random,QuickSort,0.084037
515000,Random,MergeSort,0.268722
515000,Sortat,BubbleSort,281.138500
515000,Sortat,InsertionSort,0.001751
515000,Sortat,SelectionSort,251.963750
515000,Sortat,ShellSort,0.038110
515000,Sortat,QuickSort,474.752750
515000,Sortat,MergeSort,0.224750
515000,Inversat,BubbleSort,498.623000
515000,Inversat,InsertionSort,323.574500
515000,Inversat,SelectionSort,258.594375
515000,Inversat,ShellSort,0.050813
515000,Inversat,QuickSort,355.401500
515000,Inversat,MergeSort,0.214978
515000,AproapeSortat,BubbleSort,334.183500
515000,AproapeSortat,InsertionSort,2.365325
515000,AproapeSortat,SelectionSort,254.616000
515000,AproapeSortat,ShellSort,0.112375
515000,AproapeSortat,QuickSort,0.096740
515000,AproapeSortat,MergeSort,0.239407
520000,Random,BubbleSort,613.808000
520000,Random,InsertionSort,186.576000
520000,Random,SelectionSort,262.288000
520000,Random,ShellSort,0.156007
520000,Random,QuickSort,0.084915
520000,Random,MergeSort,0.271531
520000,Sortat,BubbleSort,286.624000
520000,Sortat,InsertionSort,0.001768
520000,Sortat,SelectionSort,256.880000
520000,Sortat,ShellSort,0.038508
520000,Sortat,QuickSort,484.016000
520000,Sortat,MergeSort,0.227098
520000,Inversat,BubbleSort,508.352000
520000,Inversat,InsertionSort,329.888000
520000,Inversat,SelectionSort,263.640000
520000,Inversat,ShellSort,0.051344
520000,Inversat,QuickSort,362.336000
520000,Inversat,MergeSort,0.217224
520000,AproapeSortat,BubbleSort,340.704000
520000,AproapeSortat,InsertionSort,2.399855
520000,AproapeSortat,SelectionSort,259.584000
520000,AproapeSortat,ShellSort,0.113549
520000,AproapeSortat,QuickSort,0.097751
520000,AproapeSortat,MergeSort,0.241909
525000,Random,BubbleSort,625.668750
525000,Random,InsertionSort,190.181250
525000,Random,SelectionSort,267.356250
525000,Random,ShellSort,0.157621
525000,Random,QuickSort,0.085794
525000,Random,MergeSort,0.274341
525000,Sortat,BubbleSort,292.162500
525000,Sortat,InsertionSort,0.001785
525000,Sortat,SelectionSort,261.843750
525000,Sortat,ShellSort,0.038907
525000,Sortat,QuickSort,493.368750
525000,Sortat,MergeSort,0.229449
525000,Inversat,BubbleSort,518.175000
525000,Inversat,InsertionSort,336.262500
525000,Inversat,SelectionSort,268.734375
525000,Inversat,ShellSort,0.051875
525000,Inversat,QuickSort,369.337500
525000,Inversat,MergeSort,0.219473
525000,AproapeSortat,BubbleSort,347.287500
525000,AproapeSortat,InsertionSort,2.434551
525000,AproapeSortat,SelectionSort,264.600000
525000,AproapeSortat,ShellSort,0.114724
525000,AproapeSortat,QuickSort,0.098763
525000,AproapeSortat,MergeSort,0.244413
530000,Random,BubbleSort,637.643000
530000,Random,InsertionSort,193.821000
530000,Random,SelectionSort,272.473000
530000,Random,ShellSort,0.159237
530000,Random,QuickSort,0.086673
530000,Random,MergeSort,0.277153
530000,Sortat,BubbleSort,297.754000
530000,Sortat,InsertionSort,0.001802
530000,Sortat,SelectionSort,266.855000
530000,Sortat,ShellSort,0.039305
530000,Sortat,QuickSort,502.811000
530000,Sortat,MergeSort,0.231801
530000,Inversat,BubbleSort,528.092000
530000,Inversat,InsertionSort,342.698000
530000,Inversat,SelectionSort,273.877500
530000,Inversat,ShellSort,0.052407
530000,Inversat,QuickSort,376.406000
530000,Inversat,MergeSort,0.221722
530000,AproapeSortat,BubbleSort,353.934000
530000,AproapeSortat,InsertionSort,2.469413
530000,AproapeSortat,SelectionSort,269.664000
530000,AproapeSortat,ShellSort,0.115900
530000,AproapeSortat,QuickSort,0.099775
530000,AproapeSortat,MergeSort,0.246918
535000,Random,BubbleSort,649.730750
535000,Random,InsertionSort,197.495250
535000,Random,SelectionSort,277.638250
535000,Random,ShellSort,0.160854
535000,Random,QuickSort,0.087553
535000,Random,MergeSort,0.279967
535000,Sortat,BubbleSort,303.398500
535000,Sortat,InsertionSort,0.001819
535000,Sortat,SelectionSort,271.913750
535000,Sortat,ShellSort,0.039704
535000,Sortat,QuickSort,512.342750
535000,Sortat,MergeSort,0.234154
535000,Inversat,BubbleSort,538.103000
535000,Inversat,InsertionSort,349.194500
535000,Inversat,SelectionSort,279.069375
535000,Inversat,ShellSort,0.052939
535000,Inversat,QuickSort,383.541500
535000,Inversat,MergeSort,0.223973
535000,AproapeSortat,BubbleSort,360.643500
535000,AproapeSortat,InsertionSort,2.504440
535000,AproapeSortat,SelectionSort,274.776000
535000,AproapeSortat,ShellSort,0.117077
535000,AproapeSortat,QuickSort,0.100788
535000,AproapeSortat,MergeSort,0.249425
540000,Random,BubbleSort,661.932000
540000,Random,InsertionSort,201.204000
540000,Random,SelectionSort,282.852000
540000,Random,ShellSort,0.162471
540000,Random,QuickSort,0.088434
540000,Random,MergeSort,0.282783
540000,Sortat,BubbleSort,309.096000
540000,Sortat,InsertionSort,0.001836
540000,Sortat,SelectionSort,277.020000
540000,Sortat,ShellSort,0.040104
540000,Sortat,QuickSort,521.964000
540000,Sortat,MergeSort,0.236509
540000,Inversat,BubbleSort,548.208000
540000,Inversat,InsertionSort,355.752000
540000,Inversat,SelectionSort,284.310000
540000,Inversat,ShellSort,0.053472
540000,Inversat,QuickSort,390.744000
540000,Inversat,MergeSort,0.226226
540000,AproapeSortat,BubbleSort,367.416000
540000,AproapeSortat,InsertionSort,2.539631
540000,AproapeSortat,SelectionSort,279.936000
540000,AproapeSortat,ShellSort,0.118255
540000,AproapeSortat,QuickSort,0.101802
540000,AproapeSortat,MergeSort,0.251934
545000,Random,BubbleSort,674.246750
545000,Random,InsertionSort,204.947250
545000,Random,SelectionSort,288.114250
545000,Random,ShellSort,0.164090
545000,Random,QuickSort,0.089315
545000,Random,MergeSort,0.285600
545000,Sortat,BubbleSort,314.846500
545000,Sortat,InsertionSort,0.001853
545000,Sortat,SelectionSort,282.173750
545000,Sortat,ShellSort,0.040503
545000,Sortat,QuickSort,531.674750
545000,Sortat,MergeSort,0.238866
545000,Inversat,BubbleSort,558.407000
545000,Inversat,InsertionSort,362.370500
545000,Inversat,SelectionSort,289.599375
545000,Inversat,ShellSort,0.054004
545000,Inversat,QuickSort,398.013500
545000,Inversat,MergeSort,0.228480
545000,AproapeSortat,BubbleSort,374.251500
545000,AproapeSortat,InsertionSort,2.574985
545000,AproapeSortat,SelectionSort,285.144000
545000,AproapeSortat,ShellSort,0.119433
545000,AproapeSortat,QuickSort,0.102816
545000,AproapeSortat,MergeSort,0.254444
550000,Random,BubbleSort,686.675000
550000,Random,InsertionSort,208.725000
550000,Random,SelectionSort,293.425000
550000,Random,ShellSort,0.165710
550000,Random,QuickSort,0.090197
550000,Random,MergeSort,0.288420
550000,Sortat,BubbleSort,320.650000
550000,Sortat,InsertionSort,0.001870
550000,Sortat,SelectionSort,287.375000
550000,Sortat,ShellSort,0.040903
550000,Sortat,QuickSort,541.475000
550000,Sortat,MergeSort,0.241224
550000,Inversat,BubbleSort,568.700000
550000,Inversat,InsertionSort,369.050000
550000,Inversat,SelectionSort,294.937500
550000,Inversat,ShellSort,0.054538
550000,Inversat,QuickSort,405.350000
550000,Inversat,MergeSort,0.230736
550000,AproapeSortat,BubbleSort,381.150000
550000,AproapeSortat,InsertionSort,2.610502
550000,AproapeSortat,SelectionSort,290.400000
550000,AproapeSortat,ShellSort,0.120612
550000,AproapeSortat,QuickSort,0.103831
550000,AproapeSortat,MergeSort,0.256956
555000,Random,BubbleSort,699.216750
555000,Random,InsertionSort,212.537250
555000,Random,SelectionSort,298.784250
555000,Random,ShellSort,0.167331
555000,Random,QuickSort,0.091079
555000,Random,MergeSort,0.291241
555000,Sortat,BubbleSort,326.506500
555000,Sortat,InsertionSort,0.001887
555000,Sortat,SelectionSort,292.623750
555000,Sortat,ShellSort,0.041303
555000,Sortat,QuickSort,551.364750
555000,Sortat,MergeSort,0.243583
555000,Inversat,BubbleSort,579.087000
555000,Inversat,InsertionSort,375.790500
555000,Inversat,SelectionSort,300.324375
555000,Inversat,ShellSort,0.055071
555000,Inversat,QuickSort,412.753500
555000,Inversat,MergeSort,0.232993
555000,AproapeSortat,BubbleSort,388.111500
555000,AproapeSortat,InsertionSort,2.646180
555000,AproapeSortat,SelectionSort,295.704000
555000,AproapeSortat,ShellSort,0.121792
555000,AproapeSortat,QuickSort,0.104847
555000,AproapeSortat,MergeSort,0.259469
560000,Random,BubbleSort,711.872000
560000,Random,InsertionSort,216.384000
560000,Random,SelectionSort,304.192000
560000,Random,ShellSort,0.168953
560000,Random,QuickSort,0.091962
560000,Random,MergeSort,0.294064
560000,Sortat,BubbleSort,332.416000
560000,Sortat,InsertionSort,0.001904
560000,Sortat,SelectionSort,297.920000
560000,Sortat,ShellSort,0.041704
560000,Sortat,QuickSort,561.344000
560000,Sortat,MergeSort,0.245944
560000,Inversat,BubbleSort,589.568000
560000,Inversat,InsertionSort,382.592000
560000,Inversat,SelectionSort,305.760000
560000,Inversat,ShellSort,0.055605
560000,Inversat,QuickSort,420.224000
560000,Inversat,MergeSort,0.235251
560000,AproapeSortat,BubbleSort,395.136000
560000,AproapeSortat,InsertionSort,2.682020
560000,AproapeSortat,SelectionSort,301.056000
560000,AproapeSortat,ShellSort,0.122972
560000,AproapeSortat,QuickSort,0.105863
560000,AproapeSortat,MergeSort,0.261984
565000,Random,BubbleSort,724.640750
565000,Random,InsertionSort,220.265250
565000,Random,SelectionSort,309.648250
565000,Random,ShellSort,0.170576
565000,Random,QuickSort,0.092845
565000,Random,MergeSort,0.296889
565000,Sortat,BubbleSort,338.378500
565000,Sortat,InsertionSort,0.001921
565000,Sortat,SelectionSort,303.263750
565000,Sortat,ShellSort,0.042104
565000,Sortat,QuickSort,571.412750
565000,Sortat,MergeSort,0.248307
565000,Inversat,BubbleSort,600.143000
565000,Inversat,InsertionSort,389.454500
565000,Inversat,SelectionSort,311.244375
565000,Inversat,ShellSort,0.056139
565000,Inversat,QuickSort,427.761500
565000,Inversat,MergeSort,0.237511
565000,AproapeSortat,BubbleSort,402.223500
565000,AproapeSortat,InsertionSort,2.718020
565000,AproapeSortat,SelectionSort,306.456000
565000,AproapeSortat,ShellSort,0.124154
565000,AproapeSortat,QuickSort,0.106880
565000,AproapeSortat,MergeSort,0.264501
570000,Random,BubbleSort,737.523000
570000,Random,InsertionSort,224.181000
570000,Random,SelectionSort,315.153000
570000,Random,ShellSort,0.172200
570000,Random,QuickSort,0.093729
570000,Random,MergeSort,0.299715
570000,Sortat,BubbleSort,344.394000
570000,Sortat,InsertionSort,0.001938
570000,Sortat,SelectionSort,308.655000
570000,Sortat,ShellSort,0.042505
570000,Sortat,QuickSort,581.571000
570000,Sortat,MergeSort,0.250671
570000,Inversat,BubbleSort,610.812000
570000,Inversat,InsertionSort,396.378000
570000,Inversat,SelectionSort,316.777500
570000,Inversat,ShellSort,0.056673
570000,Inversat,QuickSort,435.366000
570000,Inversat,MergeSort,0.239772
570000,AproapeSortat,BubbleSort,409.374000
570000,AproapeSortat,InsertionSort,2.754180
570000,AproapeSortat,SelectionSort,311.904000
570000,AproapeSortat,ShellSort,0.125336
570000,AproapeSortat,QuickSort,0.107898
570000,AproapeSortat,MergeSort,0.267019
575000,Random,BubbleSort,750.518750
575000,Random,InsertionSort,228.131250
575000,Random,SelectionSort,320.706250
575000,Random,ShellSort,0.173825
575000,Random,QuickSort,0.094614
575000,Random,MergeSort,0.302544
575000,Sortat,BubbleSort,350.462500
575000,Sortat,InsertionSort,0.001955
575000,Sortat,SelectionSort,314.093750
575000,Sortat,ShellSort,0.042906
575000,Sortat,QuickSort,591.818750
575000,Sortat,MergeSort,0.253037
575000,Inversat,BubbleSort,621.575000
575000,Inversat,InsertionSort,403.362500
575000,Inversat,SelectionSort,322.359375
575000,Inversat,ShellSort,0.057208
575000,Inversat,QuickSort,443.037500
575000,Inversat,MergeSort,0.242035
575000,AproapeSortat,BubbleSort,416.587500
575000,AproapeSortat,InsertionSort,2.790498
575000,AproapeSortat,SelectionSort,317.400000
575000,AproapeSortat,ShellSort,0.126518
575000,AproapeSortat,QuickSort,0.108916
575000,AproapeSortat,MergeSort,0.269539
580000,Random,BubbleSort,763.628000
580000,Random,InsertionSort,232.116000
580000,Random,SelectionSort,326.308000
580000,Random,ShellSort,0.175451
580000,Random,QuickSort,0.095499
580000,Random,MergeSort,0.305374
580000,Sortat,BubbleSort,356.584000
580000,Sortat,InsertionSort,0.001972
580000,Sortat,SelectionSort,319.580000
580000,Sortat,ShellSort,0.043308
580000,Sortat,QuickSort,602.156000
580000,Sortat,MergeSort,0.255404
580000,Inversat,BubbleSort,632.432000
580000,Inversat,InsertionSort,410.408000
580000,Inversat,SelectionSort,327.990000
580000,Inversat,ShellSort,0.057743
580000,Inversat,QuickSort,450.776000
580000,Inversat,MergeSort,0.244299
580000,AproapeSortat,BubbleSort,423.864000
580000,AproapeSortat,InsertionSort,2.826975
580000,AproapeSortat,SelectionSort,322.944000
580000,AproapeSortat,ShellSort,0.127702
580000,AproapeSortat,QuickSort,0.109935
580000,AproapeSortat,MergeSort,0.272060
585000,Random,BubbleSort,776.850750
585000,Random,InsertionSort,236.135250
585000,Random,SelectionSort,331.958250
585000,Random,ShellSort,0.177078
585000,Random,QuickSort,0.096384
585000,Random,MergeSort,0.308206
585000,Sortat,BubbleSort,362.758500
585000,Sortat,InsertionSort,0.001989
585000,Sortat,SelectionSort,325.113750
585000,Sortat,ShellSort,0.043709
585000,Sortat,QuickSort,612.582750
585000,Sortat,MergeSort,0.257772
585000,Inversat,BubbleSort,643.383000
585000,Inversat,InsertionSort,417.514500
585000,Inversat,SelectionSort,333.669375
585000,Inversat,ShellSort,0.058279
585000,Inversat,QuickSort,458.581500
585000,Inversat,MergeSort,0.246564
585000,AproapeSortat,BubbleSort,431.203500
585000,AproapeSortat,InsertionSort,2.863609
585000,AproapeSortat,SelectionSort,328.536000
585000,AproapeSortat,ShellSort,0.128886
585000,AproapeSortat,QuickSort,0.110954
585000,AproapeSortat,MergeSort,0.274583
590000,Random,BubbleSort,790.187000
590000,Random,InsertionSort,240.189000
590000,Random,SelectionSort,337.657000
590000,Random,ShellSort,0.178706
590000,Random,QuickSort,0.097270
590000,Random,MergeSort,0.311039
590000,Sortat,BubbleSort,368.986000
590000,Sortat,InsertionSort,0.002006
590000,Sortat,SelectionSort,330.695000
590000,Sortat,ShellSort,0.044111
590000,Sortat,QuickSort,623.099000
590000,Sortat,MergeSort,0.260142
590000,Inversat,BubbleSort,654.428000
590000,Inversat,InsertionSort,424.682000
590000,Inversat,SelectionSort,339.397500
590000,Inversat,ShellSort,0.058815
590000,Inversat,QuickSort,466.454000
590000,Inversat,MergeSort,0.248831
590000,AproapeSortat,BubbleSort,438.606000
590000,AproapeSortat,InsertionSort,2.900401
590000,AproapeSortat,SelectionSort,334.176000
590000,AproapeSortat,ShellSort,0.130071
590000,AproapeSortat,QuickSort,0.111974
590000,AproapeSortat,MergeSort,0.277107
595000,Random,BubbleSort,803.636750
595000,Random,InsertionSort,244.277250
595000,Random,SelectionSort,343.404250
595000,Random,ShellSort,0.180335
595000,Random,QuickSort,0.098157
595000,Random,MergeSort,0.313874
595000,Sortat,BubbleSort,375.266500
595000,Sortat,InsertionSort,0.002023
595000,Sortat,SelectionSort,336.323750
595000,Sortat,ShellSort,0.044513
595000,Sortat,QuickSort,633.704750
595000,Sortat,MergeSort,0.262513
595000,Inversat,BubbleSort,665.567000
595000,Inversat,InsertionSort,431.910500
595000,Inversat,SelectionSort,345.174375
595000,Inversat,ShellSort,0.059351
595000,Inversat,QuickSort,474.393500
595000,Inversat,MergeSort,0.251099
595000,AproapeSortat,BubbleSort,446.071500
595000,AproapeSortat,InsertionSort,2.937348
595000,AproapeSortat,SelectionSort,339.864000
595000,AproapeSortat,ShellSort,0.131256
595000,AproapeSortat,QuickSort,0.112995
595000,AproapeSortat,MergeSort,0.279633
600000,Random,BubbleSort,817.200000
600000,Random,InsertionSort,248.400000
600000,Random,SelectionSort,349.200000
600000,Random,ShellSort,0.181965
600000,Random,QuickSort,0.099044
600000,Random,MergeSort,0.316711
600000,Sortat,BubbleSort,381.600000
600000,Sortat,InsertionSort,0.002040
600000,Sortat,SelectionSort,342.000000
600000,Sortat,ShellSort,0.044915
600000,Sortat,QuickSort,644.400000
600000,Sortat,MergeSort,0.264886
600000,Inversat,BubbleSort,676.800000
600000,Inversat,InsertionSort,439.200000
600000,Inversat,SelectionSort,351.000000
600000,Inversat,ShellSort,0.059887
600000,Inversat,QuickSort,482.400000
600000,Inversat,MergeSort,0.253369
600000,AproapeSortat,BubbleSort,453.600000
600000,AproapeSortat,InsertionSort,2.974451
600000,AproapeSortat,SelectionSort,345.600000
600000,AproapeSortat,ShellSort,0.132443
600000,AproapeSortat,QuickSort,0.114016
600000,AproapeSortat,MergeSort,0.282161
605000,Random,BubbleSort,830.876750
605000,Random,InsertionSort,252.557250
605000,Random,SelectionSort,355.044250
605000,Random,ShellSort,0.183596
605000,Random,QuickSort,0.099932
605000,Random,MergeSort,0.319549
605000,Sortat,BubbleSort,387.986500
605000,Sortat,InsertionSort,0.002057
605000,Sortat,SelectionSort,347.723750
605000,Sortat,ShellSort,0.045318
605000,Sortat,QuickSort,655.184750
605000,Sortat,MergeSort,0.267259
605000,Inversat,BubbleSort,688.127000
605000,Inversat,InsertionSort,446.550500
605000,Inversat,SelectionSort,356.874375
605000,Inversat,ShellSort,0.060424
605000,Inversat,QuickSort,490.473500
605000,Inversat,MergeSort,0.255640
605000,AproapeSortat,BubbleSort,461.191500
605000,AproapeSortat,InsertionSort,3.011709
605000,AproapeSortat,SelectionSort,351.384000
605000,AproapeSortat,ShellSort,0.133630
605000,AproapeSortat,QuickSort,0.115038
605000,AproapeSortat,MergeSort,0.284689
610000,Random,BubbleSort,844.667000
610000,Random,InsertionSort,256.749000
610000,Random,SelectionSort,360.937000
610000,Random,ShellSort,0.185227
610000,Random,QuickSort,0.100820
610000,Random,MergeSort,0.322389
610000,Sortat,BubbleSort,394.426000
610000,Sortat,InsertionSort,0.002074
610000,Sortat,SelectionSort,353.495000
610000,Sortat,ShellSort,0.045721
610000,Sortat,QuickSort,666.059000
610000,Sortat,MergeSort,0.269635
610000,Inversat,BubbleSort,699.548000
610000,Inversat,InsertionSort,453.962000
610000,Inversat,SelectionSort,362.797500
610000,Inversat,ShellSort,0.060961
610000,Inversat,QuickSort,498.614000
610000,Inversat,MergeSort,0.257912
610000,AproapeSortat,BubbleSort,468.846000
610000,AproapeSortat,InsertionSort,3.049121
610000,AproapeSortat,SelectionSort,357.216000
610000,AproapeSortat,ShellSort,0.134817
610000,AproapeSortat,QuickSort,0.116060
610000,AproapeSortat,MergeSort,0.287220
615000,Random,BubbleSort,858.570750
615000,Random,InsertionSort,260.975250
615000,Random,SelectionSort,366.878250
615000,Random,ShellSort,0.186860
615000,Random,QuickSort,0.101709
615000,Random,MergeSort,0.325231
615000,Sortat,BubbleSort,400.918500
615000,Sortat,InsertionSort,0.002091
615000,Sortat,SelectionSort,359.313750
615000,Sortat,ShellSort,0.046124
615000,Sortat,QuickSort,677.022750
615000,Sortat,MergeSort,0.272012
615000,Inversat,BubbleSort,711.063000
615000,Inversat,InsertionSort,461.434500
615000,Inversat,SelectionSort,368.769375
615000,Inversat,ShellSort,0.061498
615000,Inversat,QuickSort,506.821500
615000,Inversat,MergeSort,0.260185
615000,AproapeSortat,BubbleSort,476.563500
615000,AproapeSortat,InsertionSort,3.086687
615000,AproapeSortat,SelectionSort,363.096000
615000,AproapeSortat,ShellSort,0.136006
615000,AproapeSortat,QuickSort,0.117083
615000,AproapeSortat,MergeSort,0.289751
620000,Random,BubbleSort,872.588000
620000,Random,InsertionSort,265.236000
620000,Random,SelectionSort,372.868000
620000,Random,ShellSort,0.188494
620000,Random,QuickSort,0.102598
620000,Random,MergeSort,0.328075
620000,Sortat,BubbleSort,407.464000
620000,Sortat,InsertionSort,0.002108
620000,Sortat,SelectionSort,365.180000
620000,Sortat,ShellSort,0.046527
620000,Sortat,QuickSort,688.076000
620000,Sortat,MergeSort,0.274390
620000,Inversat,BubbleSort,722.672000
620000,Inversat,InsertionSort,468.968000
620000,Inversat,SelectionSort,374.790000
620000,Inversat,ShellSort,0.062036
620000,Inversat,QuickSort,515.096000
620000,Inversat,MergeSort,0.262460
620000,AproapeSortat,BubbleSort,484.344000
620000,AproapeSortat,InsertionSort,3.124406
620000,AproapeSortat,SelectionSort,369.024000
620000,AproapeSortat,ShellSort,0.137195
620000,AproapeSortat,QuickSort,0.118107
620000,AproapeSortat,MergeSort,0.292285
625000,Random,BubbleSort,886.718750
625000,Random,InsertionSort,269.531250
625000,Random,SelectionSort,378.906250
625000,Random,ShellSort,0.190128
625000,Random,QuickSort,0.103488
625000,Random,MergeSort,0.330919
625000,Sortat,BubbleSort,414.062500
625000,Sortat,InsertionSort,0.002125
625000,Sortat,SelectionSort,371.093750
625000,Sortat,ShellSort,0.046930
625000,Sortat,QuickSort,699.218750
625000,Sortat,MergeSort,0.276769
625000,Inversat,BubbleSort,734.375000
625000,Inversat,InsertionSort,476.562500
625000,Inversat,SelectionSort,380.859375
625000,Inversat,ShellSort,0.062574
625000,Inversat,QuickSort,523.437500
625000,Inversat,MergeSort,0.264736
625000,AproapeSortat,BubbleSort,492.187500
625000,AproapeSortat,InsertionSort,3.162278
625000,AproapeSortat,SelectionSort,375.000000
625000,AproapeSortat,ShellSort,0.138385
625000,AproapeSortat,QuickSort,0.119131
625000,AproapeSortat,MergeSort,0.294819
630000,Random,BubbleSort,900.963000
630000,Random,InsertionSort,273.861000
630000,Random,SelectionSort,384.993000
630000,Random,ShellSort,0.191764
630000,Random,QuickSort,0.104378
630000,Random,MergeSort,0.333766
630000,Sortat,BubbleSort,420.714000
630000,Sortat,InsertionSort,0.002142
630000,Sortat,SelectionSort,377.055000
630000,Sortat,ShellSort,0.047334
630000,Sortat,QuickSort,710.451000
630000,Sortat,MergeSort,0.279150
630000,Inversat,BubbleSort,746.172000
630000,Inversat,InsertionSort,484.218000
630000,Inversat,SelectionSort,386.977500
630000,Inversat,ShellSort,0.063112
630000,Inversat,QuickSort,531.846000
630000,Inversat,MergeSort,0.267013
630000,AproapeSortat,BubbleSort,500.094000
630000,AproapeSortat,InsertionSort,3.200301
630000,AproapeSortat,SelectionSort,381.024000
630000,AproapeSortat,ShellSort,0.139575
630000,AproapeSortat,QuickSort,0.120156
630000,AproapeSortat,MergeSort,0.297355
635000,Random,BubbleSort,915.320750
635000,Random,InsertionSort,278.225250
635000,Random,SelectionSort,391.128250
635000,Random,ShellSort,0.193400
635000,Random,QuickSort,0.105268
635000,Random,MergeSort,0.336614
635000,Sortat,BubbleSort,427.418500
635000,Sortat,InsertionSort,0.002159
635000,Sortat,SelectionSort,383.063750
635000,Sortat,ShellSort,0.047738
635000,Sortat,QuickSort,721.772750
635000,Sortat,MergeSort,0.281532
635000,Inversat,BubbleSort,758.063000
635000,Inversat,InsertionSort,491.934500
635000,Inversat,SelectionSort,393.144375
635000,Inversat,ShellSort,0.063651
635000,Inversat,QuickSort,540.321500
635000,Inversat,MergeSort,0.269291
635000,AproapeSortat,BubbleSort,508.063500
635000,AproapeSortat,InsertionSort,3.238475
635000,AproapeSortat,SelectionSort,387.096000
635000,AproapeSortat,ShellSort,0.140766
635000,AproapeSortat,QuickSort,0.121181
635000,AproapeSortat,MergeSort,0.299893
640000,Random,BubbleSort,929.792000
640000,Random,InsertionSort,282.624000
640000,Random,SelectionSort,397.312000
640000,Random,ShellSort,0.195037
640000,Random,QuickSort,0.106160
640000,Random,MergeSort,0.339464
640000,Sortat,BubbleSort,434.176000
640000,Sortat,InsertionSort,0.002176
640000,Sortat,SelectionSort,389.120000
640000,Sortat,ShellSort,0.048142
640000,Sortat,QuickSort,733.184000
640000,Sortat,MergeSort,0.283915
640000,Inversat,BubbleSort,770.048000
640000,Inversat,InsertionSort,499.712000
640000,Inversat,SelectionSort,399.360000
640000,Inversat,ShellSort,0.064190
640000,Inversat,QuickSort,548.864000
640000,Inversat,MergeSort,0.271571
640000,AproapeSortat,BubbleSort,516.096000
640000,AproapeSortat,InsertionSort,3.276800
640000,AproapeSortat,SelectionSort,393.216000
640000,AproapeSortat,ShellSort,0.141958
640000,AproapeSortat,QuickSort,0.122207
640000,AproapeSortat,MergeSort,0.302431
645000,Random,BubbleSort,944.376750
645000,Random,InsertionSort,287.057250
645000,Random,SelectionSort,403.544250
645000,Random,ShellSort,0.196675
645000,Random,QuickSort,0.107051
645000,Random,MergeSort,0.342315
645000,Sortat,BubbleSort,440.986500
645000,Sortat,InsertionSort,0.002193
645000,Sortat,SelectionSort,395.223750
645000,Sortat,ShellSort,0.048546
645000,Sortat,QuickSort,744.684750
645000,Sortat,MergeSort,0.286300
645000,Inversat,BubbleSort,782.127000
645000,Inversat,InsertionSort,507.550500
645000,Inversat,SelectionSort,405.624375
645000,Inversat,ShellSort,0.064729
645000,Inversat,QuickSort,557.473500
645000,Inversat,MergeSort,0.273852
645000,AproapeSortat,BubbleSort,524.191500
645000,AproapeSortat,InsertionSort,3.315275
645000,AproapeSortat,SelectionSort,399.384000
645000,AproapeSortat,ShellSort,0.143150
645000,AproapeSortat,QuickSort,0.123233
645000,AproapeSortat,MergeSort,0.304971
650000,Random,BubbleSort,959.075000
650000,Random,InsertionSort,291.525000
650000,Random,SelectionSort,409.825000
650000,Random,ShellSort,0.198315
650000,Random,QuickSort,0.107943
650000,Random,MergeSort,0.345168
650000,Sortat,BubbleSort,447.850000
650000,Sortat,InsertionSort,0.002210
650000,Sortat,SelectionSort,401.375000
650000,Sortat,ShellSort,0.048951
650000,Sortat,QuickSort,756.275000
650000,Sortat,MergeSort,0.288686
650000,Inversat,BubbleSort,794.300000
650000,Inversat,InsertionSort,515.450000
650000,Inversat,SelectionSort,411.937500
650000,Inversat,ShellSort,0.065268
650000,Inversat,QuickSort,566.150000
650000,Inversat,MergeSort,0.276134
650000,AproapeSortat,BubbleSort,532.350000
650000,AproapeSortat,InsertionSort,3.353899
650000,AproapeSortat,SelectionSort,405.600000
650000,AproapeSortat,ShellSort,0.144343
650000,AproapeSortat,QuickSort,0.124260
650000,AproapeSortat,MergeSort,0.307513
655000,Random,BubbleSort,973.886750
655000,Random,InsertionSort,296.027250
655000,Random,SelectionSort,416.154250
655000,Random,ShellSort,0.199954
655000,Random,QuickSort,0.108836
655000,Random,MergeSort,0.348022
655000,Sortat,BubbleSort,454.766500
655000,Sortat,InsertionSort,0.002227
655000,Sortat,SelectionSort,407.573750
655000,Sortat,ShellSort,0.049356
655000,Sortat,QuickSort,767.954750
655000,Sortat,MergeSort,0.291073
655000,Inversat,BubbleSort,806.567000
655000,Inversat,InsertionSort,523.410500
655000,Inversat,SelectionSort,418.299375
655000,Inversat,ShellSort,0.065808
655000,Inversat,QuickSort,574.893500
655000,Inversat,MergeSort,0.278418
655000,AproapeSortat,BubbleSort,540.571500
655000,AproapeSortat,InsertionSort,3.392672
655000,AproapeSortat,SelectionSort,411.864000
655000,AproapeSortat,ShellSort,0.145536
655000,AproapeSortat,QuickSort,0.125288
655000,AproapeSortat,MergeSort,0.310056
660000,Random,BubbleSort,988.812000
660000,Random,InsertionSort,300.564000
660000,Random,SelectionSort,422.532000
660000,Random,ShellSort,0.201595
660000,Random,QuickSort,0.109729
660000,Random,MergeSort,0.350878
660000,Sortat,BubbleSort,461.736000
660000,Sortat,InsertionSort,0.002244
660000,Sortat,SelectionSort,413.820000
660000,Sortat,ShellSort,0.049761
660000,Sortat,QuickSort,779.724000
660000,Sortat,MergeSort,0.293461
660000,Inversat,BubbleSort,818.928000
660000,Inversat,InsertionSort,531.432000
660000,Inversat,SelectionSort,424.710000
660000,Inversat,ShellSort,0.066348
660000,Inversat,QuickSort,583.704000
660000,Inversat,MergeSort,0.280702
660000,AproapeSortat,BubbleSort,548.856000
660000,AproapeSortat,InsertionSort,3.431594
660000,AproapeSortat,SelectionSort,418.176000
660000,AproapeSortat,ShellSort,0.146731
660000,AproapeSortat,QuickSort,0.126316
660000,AproapeSortat,MergeSort,0.312600
665000,Random,BubbleSort,1003.850750
665000,Random,InsertionSort,305.135250
665000,Random,SelectionSort,428.958250
665000,Random,ShellSort,0.203237
665000,Random,QuickSort,0.110623
665000,Random,MergeSort,0.353735
665000,Sortat,BubbleSort,468.758500
665000,Sortat,InsertionSort,0.002261
665000,Sortat,SelectionSort,420.113750
665000,Sortat,ShellSort,0.050166
665000,Sortat,QuickSort,791.582750
665000,Sortat,MergeSort,0.295851
665000,Inversat,BubbleSort,831.383000
665000,Inversat,InsertionSort,539.514500
665000,Inversat,SelectionSort,431.169375
665000,Inversat,ShellSort,0.066888
665000,Inversat,QuickSort,592.581500
665000,Inversat,MergeSort,0.282988
665000,AproapeSortat,BubbleSort,557.203500
665000,AproapeSortat,InsertionSort,3.470663
665000,AproapeSortat,SelectionSort,424.536000
665000,AproapeSortat,ShellSort,0.147926
665000,AproapeSortat,QuickSort,0.127345
665000,AproapeSortat,MergeSort,0.315146
670000,Random,BubbleSort,1019.003000
670000,Random,InsertionSort,309.741000
670000,Random,SelectionSort,435.433000
670000,Random,ShellSort,0.204879
670000,Random,QuickSort,0.111517
670000,Random,MergeSort,0.356594
670000,Sortat,BubbleSort,475.834000
670000,Sortat,InsertionSort,0.002278
670000,Sortat,SelectionSort,426.455000
670000,Sortat,ShellSort,0.050571
670000,Sortat,QuickSort,803.531000
670000,Sortat,MergeSort,0.298242
670000,Inversat,BubbleSort,843.932000
670000,Inversat,InsertionSort,547.658000
670000,Inversat,SelectionSort,437.677500
670000,Inversat,ShellSort,0.067429
670000,Inversat,QuickSort,601.526000
670000,Inversat,MergeSort,0.285275
670000,AproapeSortat,BubbleSort,565.614000
670000,AproapeSortat,InsertionSort,3.509879
670000,AproapeSortat,SelectionSort,430.944000
670000,AproapeSortat,ShellSort,0.149121
670000,AproapeSortat,QuickSort,0.128374
670000,AproapeSortat,MergeSort,0.317693
675000,Random,BubbleSort,1034.268750
675000,Random,InsertionSort,314.381250
675000,Random,SelectionSort,441.956250
675000,Random,ShellSort,0.206523
675000,Random,QuickSort,0.112411
675000,Random,MergeSort,0.359454
675000,Sortat,BubbleSort,482.962500
675000,Sortat,InsertionSort,0.002295
675000,Sortat,SelectionSort,432.843750
675000,Sortat,ShellSort,0.050977
675000,Sortat,QuickSort,815.568750
675000,Sortat,MergeSort,0.300634
675000,Inversat,BubbleSort,856.575000
675000,Inversat,InsertionSort,555.862500
675000,Inversat,SelectionSort,444.234375
675000,Inversat,ShellSort,0.067969
675000,Inversat,QuickSort,610.537500
675000,Inversat,MergeSort,0.287563
675000,AproapeSortat,BubbleSort,574.087500
675000,AproapeSortat,InsertionSort,3.549242
675000,AproapeSortat,SelectionSort,437.400000
675000,AproapeSortat,ShellSort,0.150317
675000,AproapeSortat,QuickSort,0.129403
675000,AproapeSortat,MergeSort,0.320241
680000,Random,BubbleSort,1049.648000
680000,Random,InsertionSort,319.056000
680000,Random,SelectionSort,448.528000
680000,Random,ShellSort,0.208167
680000,Random,QuickSort,0.113306
680000,Random,MergeSort,0.362316
680000,Sortat,BubbleSort,490.144000
680000,Sortat,InsertionSort,0.002312
680000,Sortat,SelectionSort,439.280000
680000,Sortat,ShellSort,0.051383
680000,Sortat,QuickSort,827.696000
680000,Sortat,MergeSort,0.303028
680000,Inversat,BubbleSort,869.312000
680000,Inversat,InsertionSort,564.128000
680000,Inversat,SelectionSort,450.840000
680000,Inversat,ShellSort,0.068511
680000,Inversat,QuickSort,619.616000
680000,Inversat,MergeSort,0.289853
680000,AproapeSortat,BubbleSort,582.624000
680000,AproapeSortat,InsertionSort,3.588751
680000,AproapeSortat,SelectionSort,443.904000
680000,AproapeSortat,ShellSort,0.151514
680000,AproapeSortat,QuickSort,0.130434
680000,AproapeSortat,MergeSort,0.322790
685000,Random,BubbleSort,1065.140750
685000,Random,InsertionSort,323.765250
685000,Random,SelectionSort,455.148250
685000,Random,ShellSort,0.209812
685000,Random,QuickSort,0.114201
685000,Random,MergeSort,0.365179
685000,Sortat,BubbleSort,497.378500
685000,Sortat,InsertionSort,0.002329
685000,Sortat,SelectionSort,445.763750
685000,Sortat,ShellSort,0.051789
685000,Sortat,QuickSort,839.912750
685000,Sortat,MergeSort,0.305422
685000,Inversat,BubbleSort,882.143000
685000,Inversat,InsertionSort,572.454500
685000,Inversat,SelectionSort,457.494375
685000,Inversat,ShellSort,0.069052
685000,Inversat,QuickSort,628.761500
685000,Inversat,MergeSort,0.292143
685000,AproapeSortat,BubbleSort,591.223500
685000,AproapeSortat,InsertionSort,3.628406
685000,AproapeSortat,SelectionSort,450.456000
685000,AproapeSortat,ShellSort,0.152711
685000,AproapeSortat,QuickSort,0.131464
685000,AproapeSortat,MergeSort,0.325341
690000,Random,BubbleSort,1080.747000
690000,Random,InsertionSort,328.509000
690000,Random,SelectionSort,461.817000
690000,Random,ShellSort,0.211458
690000,Random,QuickSort,0.115097
690000,Random,MergeSort,0.368044
690000,Sortat,BubbleSort,504.666000
690000,Sortat,InsertionSort,0.002346
690000,Sortat,SelectionSort,452.295000
690000,Sortat,ShellSort,0.052195
690000,Sortat,QuickSort,852.219000
690000,Sortat,MergeSort,0.307818
690000,Inversat,BubbleSort,895.068000
690000,Inversat,InsertionSort,580.842000
690000,Inversat,SelectionSort,464.197500
690000,Inversat,ShellSort,0.069594
690000,Inversat,QuickSort,637.974000
690000,Inversat,MergeSort,0.294435
690000,AproapeSortat,BubbleSort,599.886000
690000,AproapeSortat,InsertionSort,3.668205
690000,AproapeSortat,SelectionSort,457.056000
690000,AproapeSortat,ShellSort,0.153909
690000,AproapeSortat,QuickSort,0.132496
690000,AproapeSortat,MergeSort,0.327893
695000,Random,BubbleSort,1096.466750
695000,Random,InsertionSort,333.287250
695000,Random,SelectionSort,468.534250
695000,Random,ShellSort,0.213104
695000,Random,QuickSort,0.115994
695000,Random,MergeSort,0.370910
695000,Sortat,BubbleSort,512.006500
695000,Sortat,InsertionSort,0.002363
695000,Sortat,SelectionSort,458.873750
695000,Sortat,ShellSort,0.052602
695000,Sortat,QuickSort,864.614750
695000,Sortat,MergeSort,0.310215
695000,Inversat,BubbleSort,908.087000
695000,Inversat,InsertionSort,589.290500
695000,Inversat,SelectionSort,470.949375
695000,Inversat,ShellSort,0.070136
695000,Inversat,QuickSort,647.253500
695000,Inversat,MergeSort,0.296728
695000,AproapeSortat,BubbleSort,608.611500
695000,AproapeSortat,InsertionSort,3.708149
695000,AproapeSortat,SelectionSort,463.704000
695000,AproapeSortat,ShellSort,0.155108
695000,AproapeSortat,QuickSort,0.133527
695000,AproapeSortat,MergeSort,0.330447
700000,Random,BubbleSort,1112.300000
700000,Random,InsertionSort,338.100000
700000,Random,SelectionSort,475.300000
700000,Random,ShellSort,0.214752
700000,Random,QuickSort,0.116890
700000,Random,MergeSort,0.373777
700000,Sortat,BubbleSort,519.400000
700000,Sortat,InsertionSort,0.002380
700000,Sortat,SelectionSort,465.500000
700000,Sortat,ShellSort,0.053008
700000,Sortat,QuickSort,877.100000
700000,Sortat,MergeSort,0.312614
700000,Inversat,BubbleSort,921.200000
700000,Inversat,InsertionSort,597.800000
700000,Inversat,SelectionSort,477.750000
700000,Inversat,ShellSort,0.070678
700000,Inversat,QuickSort,656.600000
700000,Inversat,MergeSort,0.299022
700000,AproapeSortat,BubbleSort,617.400000
700000,AproapeSortat,InsertionSort,3.748237
700000,AproapeSortat,SelectionSort,470.400000
700000,AproapeSortat,ShellSort,0.156307
700000,AproapeSortat,QuickSort,0.134560
700000,AproapeSortat,MergeSort,0.333001
705000,Random,BubbleSort,1128.246750
705000,Random,InsertionSort,342.947250
705000,Random,SelectionSort,482.114250
705000,Random,ShellSort,0.216400
705000,Random,QuickSort,0.117788
705000,Random,MergeSort,0.376646
705000,Sortat,BubbleSort,526.846500
705000,Sortat,InsertionSort,0.002397
705000,Sortat,SelectionSort,472.173750
705000,Sortat,ShellSort,0.053415
705000,Sortat,QuickSort,889.674750
705000,Sortat,MergeSort,0.315013
705000,Inversat,BubbleSort,934.407000
705000,Inversat,InsertionSort,606.370500
705000,Inversat,SelectionSort,484.599375
705000,Inversat,ShellSort,0.071220
705000,Inversat,QuickSort,666.013500
705000,Inversat,MergeSort,0.301317
705000,AproapeSortat,BubbleSort,626.251500
705000,AproapeSortat,InsertionSort,3.788468
705000,AproapeSortat,SelectionSort,477.144000
705000,AproapeSortat,ShellSort,0.157507
705000,AproapeSortat,QuickSort,0.135593
705000,AproapeSortat,MergeSort,0.335557
710000,Random,BubbleSort,1144.307000
710000,Random,InsertionSort,347.829000
710000,Random,SelectionSort,488.977000
710000,Random,ShellSort,0.218049
710000,Random,QuickSort,0.118685
710000,Random,MergeSort,0.379516
710000,Sortat,BubbleSort,534.346000
710000,Sortat,InsertionSort,0.002414
710000,Sortat,SelectionSort,478.895000
710000,Sortat,ShellSort,0.053822
710000,Sortat,QuickSort,902.339000
710000,Sortat,MergeSort,0.317414
710000,Inversat,BubbleSort,947.708000
710000,Inversat,InsertionSort,615.002000
710000,Inversat,SelectionSort,491.497500
710000,Inversat,ShellSort,0.071763
710000,Inversat,QuickSort,675.494000
710000,Inversat,MergeSort,0.303613
710000,AproapeSortat,BubbleSort,635.166000
710000,AproapeSortat,InsertionSort,3.828842
710000,AproapeSortat,SelectionSort,483.936000
710000,AproapeSortat,ShellSort,0.158707
710000,AproapeSortat,QuickSort,0.136626
710000,AproapeSortat,MergeSort,0.338115
715000,Random,BubbleSort,1160.480750
715000,Random,InsertionSort,352.745250
715000,Random,SelectionSort,495.888250
715000,Random,ShellSort,0.219699
715000,Random,QuickSort,0.119583
715000,Random,MergeSort,0.382388
715000,Sortat,BubbleSort,541.898500
715000,Sortat,InsertionSort,0.002431
715000,Sortat,SelectionSort,485.663750
715000,Sortat,ShellSort,0.054230
715000,Sortat,QuickSort,915.092750
715000,Sortat,MergeSort,0.319816
715000,Inversat,BubbleSort,961.103000
715000,Inversat,InsertionSort,623.694500
715000,Inversat,SelectionSort,498.444375
715000,Inversat,ShellSort,0.072306
715000,Inversat,QuickSort,685.041500
715000,Inversat,MergeSort,0.305910
715000,AproapeSortat,BubbleSort,644.143500
715000,AproapeSortat,InsertionSort,3.869359
715000,AproapeSortat,SelectionSort,490.776000
715000,AproapeSortat,ShellSort,0.159908
715000,AproapeSortat,QuickSort,0.137660
715000,AproapeSortat,MergeSort,0.340673
720000,Random,BubbleSort,1176.768000
720000,Random,InsertionSort,357.696000
720000,Random,SelectionSort,502.848000
720000,Random,ShellSort,0.221350
720000,Random,QuickSort,0.120482
720000,Random,MergeSort,0.385261
720000,Sortat,BubbleSort,549.504000
720000,Sortat,InsertionSort,0.002448
720000,Sortat,SelectionSort,492.480000
720000,Sortat,ShellSort,0.054637
720000,Sortat,QuickSort,927.936000
720000,Sortat,MergeSort,0.322218
720000,Inversat,BubbleSort,974.592000
720000,Inversat,InsertionSort,632.448000
720000,Inversat,SelectionSort,505.440000
720000,Inversat,ShellSort,0.072849
720000,Inversat,QuickSort,694.656000
720000,Inversat,MergeSort,0.308209
720000,AproapeSortat,BubbleSort,653.184000
720000,AproapeSortat,InsertionSort,3.910018
720000,AproapeSortat,SelectionSort,497.664000
720000,AproapeSortat,ShellSort,0.161109
720000,AproapeSortat,QuickSort,0.138694
720000,AproapeSortat,MergeSort,0.343233
725000,Random,BubbleSort,1193.168750
725000,Random,InsertionSort,362.681250
725000,Random,SelectionSort,509.856250
725000,Random,ShellSort,0.223002
725000,Random,QuickSort,0.121381
725000,Random,MergeSort,0.388136
725000,Sortat,BubbleSort,557.162500
725000,Sortat,InsertionSort,0.002465
725000,Sortat,SelectionSort,499.343750
725000,Sortat,ShellSort,0.055045
725000,Sortat,QuickSort,940.868750
725000,Sortat,MergeSort,0.324623
725000,Inversat,BubbleSort,988.175000
725000,Inversat,InsertionSort,641.262500
725000,Inversat,SelectionSort,512.484375
725000,Inversat,ShellSort,0.073393
725000,Inversat,QuickSort,704.337500
725000,Inversat,MergeSort,0.310509
725000,AproapeSortat,BubbleSort,662.287500
725000,AproapeSortat,InsertionSort,3.950818
725000,AproapeSortat,SelectionSort,504.600000
725000,AproapeSortat,ShellSort,0.162311
725000,AproapeSortat,QuickSort,0.139729
725000,AproapeSortat,MergeSort,0.345794
730000,Random,BubbleSort,1209.683000
730000,Random,InsertionSort,367.701000
730000,Random,SelectionSort,516.913000
730000,Random,ShellSort,0.224654
730000,Random,QuickSort,0.122280
730000,Random,MergeSort,0.391012
730000,Sortat,BubbleSort,564.874000
730000,Sortat,InsertionSort,0.002482
730000,Sortat,SelectionSort,506.255000
730000,Sortat,ShellSort,0.055453
730000,Sortat,QuickSort,953.891000
730000,Sortat,MergeSort,0.327028
730000,Inversat,BubbleSort,1001.852000
730000,Inversat,InsertionSort,650.138000
730000,Inversat,SelectionSort,519.577500
730000,Inversat,ShellSort,0.073937
730000,Inversat,QuickSort,714.086000
730000,Inversat,MergeSort,0.312809
730000,AproapeSortat,BubbleSort,671.454000
730000,AproapeSortat,InsertionSort,3.991759
730000,AproapeSortat,SelectionSort,511.584000
730000,AproapeSortat,ShellSort,0.163514
730000,AproapeSortat,QuickSort,0.140764
730000,AproapeSortat,MergeSort,0.348356
735000,Random,BubbleSort,1226.310750
735000,Random,InsertionSort,372.755250
735000,Random,SelectionSort,524.018250
735000,Random,ShellSort,0.226307
735000,Random,QuickSort,0.123180
735000,Random,MergeSort,0.393889
735000,Sortat,BubbleSort,572.638500
735000,Sortat,InsertionSort,0.002499
735000,Sortat,SelectionSort,513.213750
735000,Sortat,ShellSort,0.055861
735000,Sortat,QuickSort,967.002750
735000,Sortat,MergeSort,0.329434
735000,Inversat,BubbleSort,1015.623000
735000,Inversat,InsertionSort,659.074500
735000,Inversat,SelectionSort,526.719375
735000,Inversat,ShellSort,0.074481
735000,Inversat,QuickSort,723.901500
735000,Inversat,MergeSort,0.315111
735000,AproapeSortat,BubbleSort,680.683500
735000,AproapeSortat,InsertionSort,4.032840
735000,AproapeSortat,SelectionSort,518.616000
735000,AproapeSortat,ShellSort,0.164717
735000,AproapeSortat,QuickSort,0.141800
735000,AproapeSortat,MergeSort,0.350919
740000,Random,BubbleSort,1243.052000
740000,Random,InsertionSort,377.844000
740000,Random,SelectionSort,531.172000
740000,Random,ShellSort,0.227961
740000,Random,QuickSort,0.124080
740000,Random,MergeSort,0.396767
740000,Sortat,BubbleSort,580.456000
740000,Sortat,InsertionSort,0.002516
740000,Sortat,SelectionSort,520.220000
740000,Sortat,ShellSort,0.056269
740000,Sortat,QuickSort,980.204000
740000,Sortat,MergeSort,0.331842
740000,Inversat,BubbleSort,1029.488000
740000,Inversat,InsertionSort,668.072000
740000,Inversat,SelectionSort,533.910000
740000,Inversat,ShellSort,0.075025
740000,Inversat,QuickSort,733.784000
740000,Inversat,MergeSort,0.317414
740000,AproapeSortat,BubbleSort,689.976000
740000,AproapeSortat,InsertionSort,4.074061
740000,AproapeSortat,SelectionSort,525.696000
740000,AproapeSortat,ShellSort,0.165921
740000,AproapeSortat,QuickSort,0.142836
740000,AproapeSortat,MergeSort,0.353484
745000,Random,BubbleSort,1259.906750
745000,Random,InsertionSort,382.967250
745000,Random,SelectionSort,538.374250
745000,Random,ShellSort,0.229615
745000,Random,QuickSort,0.124981
745000,Random,MergeSort,0.399647
745000,Sortat,BubbleSort,588.326500
745000,Sortat,InsertionSort,0.002533
745000,Sortat,SelectionSort,527.273750
745000,Sortat,ShellSort,0.056677
745000,Sortat,QuickSort,993.494750
745000,Sortat,MergeSort,0.334250
745000,Inversat,BubbleSort,1043.447000
745000,Inversat,InsertionSort,677.130500
745000,Inversat,SelectionSort,541.149375
745000,Inversat,ShellSort,0.075570
745000,Inversat,QuickSort,743.733500
745000,Inversat,MergeSort,0.319718
745000,AproapeSortat,BubbleSort,699.331500
745000,AproapeSortat,InsertionSort,4.115422
745000,AproapeSortat,SelectionSort,532.824000
745000,AproapeSortat,ShellSort,0.167125
745000,AproapeSortat,QuickSort,0.143873
745000,AproapeSortat,MergeSort,0.356049
750000,Random,BubbleSort,1276.875000
750000,Random,InsertionSort,388.125000
750000,Random,SelectionSort,545.625000
750000,Random,ShellSort,0.231271
750000,Random,QuickSort,0.125882
750000,Random,MergeSort,0.402528
750000,Sortat,BubbleSort,596.250000
750000,Sortat,InsertionSort,0.002550
750000,Sortat,SelectionSort,534.375000
750000,Sortat,ShellSort,0.057086
750000,Sortat,QuickSort,1006.875000
750000,Sortat,MergeSort,0.336660
750000,Inversat,BubbleSort,1057.500000
750000,Inversat,InsertionSort,686.250000
750000,Inversat,SelectionSort,548.437500
750000,Inversat,ShellSort,0.076114
750000,Inversat,QuickSort,753.750000
750000,Inversat,MergeSort,0.322023
750000,AproapeSortat,BubbleSort,708.750000
750000,AproapeSortat,InsertionSort,4.156922
750000,AproapeSortat,SelectionSort,540.000000
750000,AproapeSortat,ShellSort,0.168330
750000,AproapeSortat,QuickSort,0.144910
750000,AproapeSortat,MergeSort,0.358616
755000,Random,BubbleSort,1293.956750
755000,Random,InsertionSort,393.317250
755000,Random,SelectionSort,552.924250
755000,Random,ShellSort,0.232927
755000,Random,QuickSort,0.126783
755000,Random,MergeSort,0.405411
755000,Sortat,BubbleSort,604.226500
755000,Sortat,InsertionSort,0.002567
755000,Sortat,SelectionSort,541.523750
755000,Sortat,ShellSort,0.057495
755000,Sortat,QuickSort,1020.344750
755000,Sortat,MergeSort,0.339071
755000,Inversat,BubbleSort,1071.647000
755000,Inversat,InsertionSort,695.430500
755000,Inversat,SelectionSort,555.774375
755000,Inversat,ShellSort,0.076660
755000,Inversat,QuickSort,763.833500
755000,Inversat,MergeSort,0.324329
755000,AproapeSortat,BubbleSort,718.231500
755000,AproapeSortat,InsertionSort,4.198560
755000,AproapeSortat,SelectionSort,547.224000
755000,AproapeSortat,ShellSort,0.169536
755000,AproapeSortat,QuickSort,0.145948
755000,AproapeSortat,MergeSort,0.361184
760000,Random,BubbleSort,1311.152000
760000,Random,InsertionSort,398.544000
760000,Random,SelectionSort,560.272000
760000,Random,ShellSort,0.234584
760000,Random,QuickSort,0.127685
760000,Random,MergeSort,0.408295
760000,Sortat,BubbleSort,612.256000
760000,Sortat,InsertionSort,0.002584
760000,Sortat,SelectionSort,548.720000
760000,Sortat,ShellSort,0.057904
760000,Sortat,QuickSort,1033.904000
760000,Sortat,MergeSort,0.341483
760000,Inversat,BubbleSort,1085.888000
760000,Inversat,InsertionSort,704.672000
760000,Inversat,SelectionSort,563.160000
760000,Inversat,ShellSort,0.077205
760000,Inversat,QuickSort,773.984000
760000,Inversat,MergeSort,0.326636
760000,AproapeSortat,BubbleSort,727.776000
760000,AproapeSortat,InsertionSort,4.240337
760000,AproapeSortat,SelectionSort,554.496000
760000,AproapeSortat,ShellSort,0.170741
760000,AproapeSortat,QuickSort,0.146986
760000,AproapeSortat,MergeSort,0.363754
765000,Random,BubbleSort,1328.460750
765000,Random,InsertionSort,403.805250
765000,Random,SelectionSort,567.668250
765000,Random,ShellSort,0.236242
765000,Random,QuickSort,0.128587
765000,Random,MergeSort,0.411180
765000,Sortat,BubbleSort,620.338500
765000,Sortat,InsertionSort,0.002601
765000,Sortat,SelectionSort,555.963750
765000,Sortat,ShellSort,0.058313
765000,Sortat,QuickSort,1047.552750
765000,Sortat,MergeSort,0.343896
765000,Inversat,BubbleSort,1100.223000
765000,Inversat,InsertionSort,713.974500
765000,Inversat,SelectionSort,570.594375
765000,Inversat,ShellSort,0.077750
765000,Inversat,QuickSort,784.201500
765000,Inversat,MergeSort,0.328944
765000,AproapeSortat,BubbleSort,737.383500
765000,AproapeSortat,InsertionSort,4.282251
765000,AproapeSortat,SelectionSort,561.816000
765000,AproapeSortat,ShellSort,0.171948
765000,AproapeSortat,QuickSort,0.148025
765000,AproapeSortat,MergeSort,0.366324
770000,Random,BubbleSort,1345.883000
770000,Random,InsertionSort,409.101000
770000,Random,SelectionSort,575.113000
770000,Random,ShellSort,0.237900
770000,Random,QuickSort,0.129490
770000,Random,MergeSort,0.414067
770000,Sortat,BubbleSort,628.474000
770000,Sortat,InsertionSort,0.002618
770000,Sortat,SelectionSort,563.255000
770000,Sortat,ShellSort,0.058722
770000,Sortat,QuickSort,1061.291000
770000,Sortat,MergeSort,0.346310
770000,Inversat,BubbleSort,1114.652000
770000,Inversat,InsertionSort,723.338000
770000,Inversat,SelectionSort,578.077500
770000,Inversat,ShellSort,0.078296
770000,Inversat,QuickSort,794.486000
770000,Inversat,MergeSort,0.331253
770000,AproapeSortat,BubbleSort,747.054000
770000,AproapeSortat,InsertionSort,4.324302
770000,AproapeSortat,SelectionSort,569.184000
770000,AproapeSortat,ShellSort,0.173155
770000,AproapeSortat,QuickSort,0.149064
770000,AproapeSortat,MergeSort,0.368896
775000,Random,BubbleSort,1363.418750
775000,Random,InsertionSort,414.431250
775000,Random,SelectionSort,582.606250
775000,Random,ShellSort,0.239559
775000,Random,QuickSort,0.130393
775000,Random,MergeSort,0.416954
775000,Sortat,BubbleSort,636.662500
775000,Sortat,InsertionSort,0.002635
775000,Sortat,SelectionSort,570.593750
775000,Sortat,ShellSort,0.059132
775000,Sortat,QuickSort,1075.118750
775000,Sortat,MergeSort,0.348725
775000,Inversat,BubbleSort,1129.175000
775000,Inversat,InsertionSort,732.762500
775000,Inversat,SelectionSort,585.609375
775000,Inversat,ShellSort,0.078842
775000,Inversat,QuickSort,804.837500
775000,Inversat,MergeSort,0.333563
775000,AproapeSortat,BubbleSort,756.787500
775000,AproapeSortat,InsertionSort,4.366491
775000,AproapeSortat,SelectionSort,576.600000
775000,AproapeSortat,ShellSort,0.174363
775000,AproapeSortat,QuickSort,0.150104
775000,AproapeSortat,MergeSort,0.371468
780000,Random,BubbleSort,1381.068000
780000,Random,InsertionSort,419.796000
780000,Random,SelectionSort,590.148000
780000,Random,ShellSort,0.241219
780000,Random,QuickSort,0.131296
780000,Random,MergeSort,0.419843
780000,Sortat,BubbleSort,644.904000
780000,Sortat,InsertionSort,0.002652
780000,Sortat,SelectionSort,577.980000
780000,Sortat,ShellSort,0.059541
780000,Sortat,QuickSort,1089.036000
780000,Sortat,MergeSort,0.351142
780000,Inversat,BubbleSort,1143.792000
780000,Inversat,InsertionSort,742.248000
780000,Inversat,SelectionSort,593.190000
780000,Inversat,ShellSort,0.079389
780000,Inversat,QuickSort,815.256000
780000,Inversat,MergeSort,0.335875
780000,AproapeSortat,BubbleSort,766.584000
780000,AproapeSortat,InsertionSort,4.408815
780000,AproapeSortat,SelectionSort,584.064000
780000,AproapeSortat,ShellSort,0.175571
780000,AproapeSortat,QuickSort,0.151144
780000,AproapeSortat,MergeSort,0.374042
785000,Random,BubbleSort,1398.830750
785000,Random,InsertionSort,425.195250
785000,Random,SelectionSort,597.738250
785000,Random,ShellSort,0.242880
785000,Random,QuickSort,0.132200
785000,Random,MergeSort,0.422734
785000,Sortat,BubbleSort,653.198500
785000,Sortat,InsertionSort,0.002669
785000,Sortat,SelectionSort,585.413750
785000,Sortat,ShellSort,0.059951
785000,Sortat,QuickSort,1103.042750
785000,Sortat,MergeSort,0.353559
785000,Inversat,BubbleSort,1158.503000
785000,Inversat,InsertionSort,751.794500
785000,Inversat,SelectionSort,600.819375
785000,Inversat,ShellSort,0.079935
785000,Inversat,QuickSort,825.741500
785000,Inversat,MergeSort,0.338187
785000,AproapeSortat,BubbleSort,776.443500
785000,AproapeSortat,InsertionSort,4.451275
785000,AproapeSortat,SelectionSort,591.576000
785000,AproapeSortat,ShellSort,0.176780
785000,AproapeSortat,QuickSort,0.152184
785000,AproapeSortat,MergeSort,0.376617
790000,Random,BubbleSort,1416.707000
790000,Random,InsertionSort,430.629000
790000,Random,SelectionSort,605.377000
790000,Random,ShellSort,0.244541
790000,Random,QuickSort,0.133105
790000,Random,MergeSort,0.425625
790000,Sortat,BubbleSort,661.546000
790000,Sortat,InsertionSort,0.002686
790000,Sortat,SelectionSort,592.895000
790000,Sortat,ShellSort,0.060361
790000,Sortat,QuickSort,1117.139000
790000,Sortat,MergeSort,0.355977
790000,Inversat,BubbleSort,1173.308000
790000,Inversat,InsertionSort,761.402000
790000,Inversat,SelectionSort,608.497500
790000,Inversat,ShellSort,0.080482
790000,Inversat,QuickSort,836.294000
790000,Inversat,MergeSort,0.340500
790000,AproapeSortat,BubbleSort,786.366000
790000,AproapeSortat,InsertionSort,4.493871
790000,AproapeSortat,SelectionSort,599.136000
790000,AproapeSortat,ShellSort,0.177989
790000,AproapeSortat,QuickSort,0.153225
790000,AproapeSortat,MergeSort,0.379193
795000,Random,BubbleSort,1434.696750
795000,Random,InsertionSort,436.097250
795000,Random,SelectionSort,613.064250
795000,Random,ShellSort,0.246203
795000,Random,QuickSort,0.134009
795000,Random,MergeSort,0.428518
795000,Sortat,BubbleSort,669.946500
795000,Sortat,InsertionSort,0.002703
795000,Sortat,SelectionSort,600.423750
795000,Sortat,ShellSort,0.060772
795000,Sortat,QuickSort,1131.324750
795000,Sortat,MergeSort,0.358397
795000,Inversat,BubbleSort,1188.207000
795000,Inversat,InsertionSort,771.070500
795000,Inversat,SelectionSort,616.224375
795000,Inversat,ShellSort,0.081029
795000,Inversat,QuickSort,846.913500
795000,Inversat,MergeSort,0.342814
795000,AproapeSortat,BubbleSort,796.351500
795000,AproapeSortat,InsertionSort,4.536602
795000,AproapeSortat,SelectionSort,606.744000
795000,AproapeSortat,ShellSort,0.179198
795000,AproapeSortat,QuickSort,0.154266
795000,AproapeSortat,MergeSort,0.381771
800000,Random,BubbleSort,1452.800000
800000,Random,InsertionSort,441.600000
800000,Random,SelectionSort,620.800000
800000,Random,ShellSort,0.247866
800000,Random,QuickSort,0.134914
800000,Random,MergeSort,0.431412
800000,Sortat,BubbleSort,678.400000
800000,Sortat,InsertionSort,0.002720
800000,Sortat,SelectionSort,608.000000
800000,Sortat,ShellSort,0.061182
800000,Sortat,QuickSort,1145.600000
800000,Sortat,MergeSort,0.360817
800000,Inversat,BubbleSort,1203.200000
800000,Inversat,InsertionSort,780.800000
800000,Inversat,SelectionSort,624.000000
800000,Inversat,ShellSort,0.081576
800000,Inversat,QuickSort,857.600000
800000,Inversat,MergeSort,0.345130
800000,AproapeSortat,BubbleSort,806.400000
800000,AproapeSortat,InsertionSort,4.579467
800000,AproapeSortat,SelectionSort,614.400000
800000,AproapeSortat,ShellSort,0.180409
800000,AproapeSortat,QuickSort,0.155308
800000,AproapeSortat,MergeSort,0.384349
805000,Random,BubbleSort,1471.016750
805000,Random,InsertionSort,447.137250
805000,Random,SelectionSort,628.584250
805000,Random,ShellSort,0.249529
805000,Random,QuickSort,0.135820
805000,Random,MergeSort,0.434307
805000,Sortat,BubbleSort,686.906500
805000,Sortat,InsertionSort,0.002737
805000,Sortat,SelectionSort,615.623750
805000,Sortat,ShellSort,0.061593
805000,Sortat,QuickSort,1159.964750
805000,Sortat,MergeSort,0.363239
805000,Inversat,BubbleSort,1218.287000
805000,Inversat,InsertionSort,790.590500
805000,Inversat,SelectionSort,631.824375
805000,Inversat,ShellSort,0.082124
805000,Inversat,QuickSort,868.353500
805000,Inversat,MergeSort,0.347446
805000,AproapeSortat,BubbleSort,816.511500
805000,AproapeSortat,InsertionSort,4.622467
805000,AproapeSortat,SelectionSort,622.104000
805000,AproapeSortat,ShellSort,0.181619
805000,AproapeSortat,QuickSort,0.156351
805000,AproapeSortat,MergeSort,0.386928
810000,Random,BubbleSort,1489.347000
810000,Random,InsertionSort,452.709000
810000,Random,SelectionSort,636.417000
810000,Random,ShellSort,0.251194
810000,Random,QuickSort,0.136726
810000,Random,MergeSort,0.437204
810000,Sortat,BubbleSort,695.466000
810000,Sortat,InsertionSort,0.002754
810000,Sortat,SelectionSort,623.295000
810000,Sortat,ShellSort,0.062003
810000,Sortat,QuickSort,1174.419000
810000,Sortat,MergeSort,0.365661
810000,Inversat,BubbleSort,1233.468000
810000,Inversat,InsertionSort,800.442000
810000,Inversat,SelectionSort,639.697500
810000,Inversat,ShellSort,0.082671
810000,Inversat,QuickSort,879.174000
810000,Inversat,MergeSort,0.349763
810000,AproapeSortat,BubbleSort,826.686000
810000,AproapeSortat,InsertionSort,4.665600
810000,AproapeSortat,SelectionSort,629.856000
810000,AproapeSortat,ShellSort,0.182831
810000,AproapeSortat,QuickSort,0.157393
810000,AproapeSortat,MergeSort,0.389509
815000,Random,BubbleSort,1507.790750
815000,Random,InsertionSort,458.315250
815000,Random,SelectionSort,644.298250
815000,Random,ShellSort,0.252858
815000,Random,QuickSort,0.137632
815000,Random,MergeSort,0.440102
815000,Sortat,BubbleSort,704.078500
815000,Sortat,InsertionSort,0.002771
815000,Sortat,SelectionSort,631.013750
815000,Sortat,ShellSort,0.062414
815000,Sortat,QuickSort,1188.962750
815000,Sortat,MergeSort,0.368085
815000,Inversat,BubbleSort,1248.743000
815000,Inversat,InsertionSort,810.354500
815000,Inversat,SelectionSort,647.619375
815000,Inversat,ShellSort,0.083219
815000,Inversat,QuickSort,890.061500
815000,Inversat,MergeSort,0.352081
815000,AproapeSortat,BubbleSort,836.923500
815000,AproapeSortat,InsertionSort,4.708867
815000,AproapeSortat,SelectionSort,637.656000
815000,AproapeSortat,ShellSort,0.184043
815000,AproapeSortat,QuickSort,0.158437
815000,AproapeSortat,MergeSort,0.392091
820000,Random,BubbleSort,1526.348000
820000,Random,InsertionSort,463.956000
820000,Random,SelectionSort,652.228000
820000,Random,ShellSort,0.254524
820000,Random,QuickSort,0.138538
820000,Random,MergeSort,0.443001
820000,Sortat,BubbleSort,712.744000
820000,Sortat,InsertionSort,0.002788
820000,Sortat,SelectionSort,638.780000
820000,Sortat,ShellSort,0.062826
820000,Sortat,QuickSort,1203.596000
820000,Sortat,MergeSort,0.370510
820000,Inversat,BubbleSort,1264.112000
820000,Inversat,InsertionSort,820.328000
820000,Inversat,SelectionSort,655.590000
820000,Inversat,ShellSort,0.083767
820000,Inversat,QuickSort,901.016000
820000,Inversat,MergeSort,0.354401
820000,AproapeSortat,BubbleSort,847.224000
820000,AproapeSortat,InsertionSort,4.752266
820000,AproapeSortat,SelectionSort,645.504000
820000,AproapeSortat,ShellSort,0.185255
820000,AproapeSortat,QuickSort,0.159480
820000,AproapeSortat,MergeSort,0.394673
825000,Random,BubbleSort,1545.018750
825000,Random,InsertionSort,469.631250
825000,Random,SelectionSort,660.206250
825000,Random,ShellSort,0.256190
825000,Random,QuickSort,0.139445
825000,Random,MergeSort,0.445901
825000,Sortat,BubbleSort,721.462500
825000,Sortat,InsertionSort,0.002805
825000,Sortat,SelectionSort,646.593750
825000,Sortat,ShellSort,0.063237
825000,Sortat,QuickSort,1218.318750
825000,Sortat,MergeSort,0.372935
825000,Inversat,BubbleSort,1279.575000
825000,Inversat,InsertionSort,830.362500
825000,Inversat,SelectionSort,663.609375
825000,Inversat,ShellSort,0.084316
825000,Inversat,QuickSort,912.037500
825000,Inversat,MergeSort,0.356721
825000,AproapeSortat,BubbleSort,857.587500
825000,AproapeSortat,InsertionSort,4.795798
825000,AproapeSortat,SelectionSort,653.400000
825000,AproapeSortat,ShellSort,0.186468
825000,AproapeSortat,QuickSort,0.160524
825000,AproapeSortat,MergeSort,0.397257
830000,Random,BubbleSort,1563.803000
830000,Random,InsertionSort,475.341000
830000,Random,SelectionSort,668.233000
830000,Random,ShellSort,0.257857
830000,Random,QuickSort,0.140353
830000,Random,MergeSort,0.448802
830000,Sortat,BubbleSort,730.234000
830000,Sortat,InsertionSort,0.002822
830000,Sortat,SelectionSort,654.455000
830000,Sortat,ShellSort,0.063648
830000,Sortat,QuickSort,1233.131000
830000,Sortat,MergeSort,0.375362
830000,Inversat,BubbleSort,1295.132000
830000,Inversat,InsertionSort,840.458000
830000,Inversat,SelectionSort,671.677500
830000,Inversat,ShellSort,0.084864
830000,Inversat,QuickSort,923.126000
830000,Inversat,MergeSort,0.359042
830000,AproapeSortat,BubbleSort,868.014000
830000,AproapeSortat,InsertionSort,4.839462
830000,AproapeSortat,SelectionSort,661.344000
830000,AproapeSortat,ShellSort,0.187681
830000,AproapeSortat,QuickSort,0.161569
830000,AproapeSortat,MergeSort,0.399842
835000,Random,BubbleSort,1582.700750
835000,Random,InsertionSort,481.085250
835000,Random,SelectionSort,676.308250
835000,Random,ShellSort,0.259525
835000,Random,QuickSort,0.141260
835000,Random,MergeSort,0.451705
835000,Sortat,BubbleSort,739.058500
835000,Sortat,InsertionSort,0.002839
835000,Sortat,SelectionSort,662.363750
835000,Sortat,ShellSort,0.064060
835000,Sortat,QuickSort,1248.032750
835000,Sortat,MergeSort,0.377790
835000,Inversat,BubbleSort,1310.783000
835000,Inversat,InsertionSort,850.614500
835000,Inversat,SelectionSort,679.794375
835000,Inversat,ShellSort,0.085413
835000,Inversat,QuickSort,934.281500
835000,Inversat,MergeSort,0.361364
835000,AproapeSortat,BubbleSort,878.503500
835000,AproapeSortat,InsertionSort,4.883258
835000,AproapeSortat,SelectionSort,669.336000
835000,AproapeSortat,ShellSort,0.188895
835000,AproapeSortat,QuickSort,0.162614
835000,AproapeSortat,MergeSort,0.402428
840000,Random,BubbleSort,1601.712000
840000,Random,InsertionSort,486.864000
840000,Random,SelectionSort,684.432000
840000,Random,ShellSort,0.261193
840000,Random,QuickSort,0.142169
840000,Random,MergeSort,0.454609
840000,Sortat,BubbleSort,747.936000
840000,Sortat,InsertionSort,0.002856
840000,Sortat,SelectionSort,670.320000
840000,Sortat,ShellSort,0.064472
840000,Sortat,QuickSort,1263.024000
840000,Sortat,MergeSort,0.380218
840000,Inversat,BubbleSort,1326.528000
840000,Inversat,InsertionSort,860.832000
840000,Inversat,SelectionSort,687.960000
840000,Inversat,ShellSort,0.085962
840000,Inversat,QuickSort,945.504000
840000,Inversat,MergeSort,0.363687
840000,AproapeSortat,BubbleSort,889.056000
840000,AproapeSortat,InsertionSort,4.927185
840000,AproapeSortat,SelectionSort,677.376000
840000,AproapeSortat,ShellSort,0.190109
840000,AproapeSortat,QuickSort,0.163659
840000,AproapeSortat,MergeSort,0.405015
845000,Random,BubbleSort,1620.836750
845000,Random,InsertionSort,492.677250
845000,Random,SelectionSort,692.604250
845000,Random,ShellSort,0.262862
845000,Random,QuickSort,0.143077
845000,Random,MergeSort,0.457514
845000,Sortat,BubbleSort,756.866500
845000,Sortat,InsertionSort,0.002873
845000,Sortat,SelectionSort,678.323750
845000,Sortat,ShellSort,0.064884
845000,Sortat,QuickSort,1278.104750
845000,Sortat,MergeSort,0.382648
845000,Inversat,BubbleSort,1342.367000
845000,Inversat,InsertionSort,871.110500
845000,Inversat,SelectionSort,696.174375
845000,Inversat,ShellSort,0.086512
845000,Inversat,QuickSort,956.793500
845000,Inversat,MergeSort,0.366011
845000,AproapeSortat,BubbleSort,899.671500
845000,AproapeSortat,InsertionSort,4.971244
845000,AproapeSortat,SelectionSort,685.464000
845000,AproapeSortat,ShellSort,0.191324
845000,AproapeSortat,QuickSort,0.164705
845000,AproapeSortat,MergeSort,0.407603
850000,Random,BubbleSort,1640.075000
850000,Random,InsertionSort,498.525000
850000,Random,SelectionSort,700.825000
850000,Random,ShellSort,0.264532
850000,Random,QuickSort,0.143986
850000,Random,MergeSort,0.460420
850000,Sortat,BubbleSort,765.850000
850000,Sortat,InsertionSort,0.002890
850000,Sortat,SelectionSort,686.375000
850000,Sortat,ShellSort,0.065296
850000,Sortat,QuickSort,1293.275000
850000,Sortat,MergeSort,0.385078
850000,Inversat,BubbleSort,1358.300000
850000,Inversat,InsertionSort,881.450000
850000,Inversat,SelectionSort,704.437500
850000,Inversat,ShellSort,0.087061
850000,Inversat,QuickSort,968.150000
850000,Inversat,MergeSort,0.368336
850000,AproapeSortat,BubbleSort,910.350000
850000,AproapeSortat,InsertionSort,5.015432
850000,AproapeSortat,SelectionSort,693.600000
850000,AproapeSortat,ShellSort,0.192539
850000,AproapeSortat,QuickSort,0.165751
850000,AproapeSortat,MergeSort,0.410192
855000,Random,BubbleSort,1659.426750
855000,Random,InsertionSort,504.407250
855000,Random,SelectionSort,709.094250
855000,Random,ShellSort,0.266202
855000,Random,QuickSort,0.144895
855000,Random,MergeSort,0.463327
855000,Sortat,BubbleSort,774.886500
855000,Sortat,InsertionSort,0.002907
855000,Sortat,SelectionSort,694.473750
855000,Sortat,ShellSort,0.065708
855000,Sortat,QuickSort,1308.534750
855000,Sortat,MergeSort,0.387510
855000,Inversat,BubbleSort,1374.327000
855000,Inversat,InsertionSort,891.850500
855000,Inversat,SelectionSort,712.749375
855000,Inversat,ShellSort,0.087611
855000,Inversat,QuickSort,979.573500
855000,Inversat,MergeSort,0.370662
855000,AproapeSortat,BubbleSort,921.091500
855000,AproapeSortat,InsertionSort,5.059751
855000,AproapeSortat,SelectionSort,701.784000
855000,AproapeSortat,ShellSort,0.193755
855000,AproapeSortat,QuickSort,0.166798
855000,AproapeSortat,MergeSort,0.412782
860000,Random,BubbleSort,1678.892000
860000,Random,InsertionSort,510.324000
860000,Random,SelectionSort,717.412000
860000,Random,ShellSort,0.267874
860000,Random,QuickSort,0.145805
860000,Random,MergeSort,0.466236
860000,Sortat,BubbleSort,783.976000
860000,Sortat,InsertionSort,0.002924
860000,Sortat,SelectionSort,702.620000
860000,Sortat,ShellSort,0.066121
860000,Sortat,QuickSort,1323.884000
860000,Sortat,MergeSort,0.389942
860000,Inversat,BubbleSort,1390.448000
860000,Inversat,InsertionSort,902.312000
860000,Inversat,SelectionSort,721.110000
860000,Inversat,ShellSort,0.088161
860000,Inversat,QuickSort,991.064000
860000,Inversat,MergeSort,0.372988
860000,AproapeSortat,BubbleSort,931.896000
860000,AproapeSortat,InsertionSort,5.104200
860000,AproapeSortat,SelectionSort,710.016000
860000,AproapeSortat,ShellSort,0.194971
860000,AproapeSortat,QuickSort,0.167845
860000,AproapeSortat,MergeSort,0.415373
865000,Random,BubbleSort,1698.470750
865000,Random,InsertionSort,516.275250
865000,Random,SelectionSort,725.778250
865000,Random,ShellSort,0.269545
865000,Random,QuickSort,0.146714
865000,Random,MergeSort,0.469145
865000,Sortat,BubbleSort,793.118500
865000,Sortat,InsertionSort,0.002941
865000,Sortat,SelectionSort,710.813750
865000,Sortat,ShellSort,0.066533
865000,Sortat,QuickSort,1339.322750
865000,Sortat,MergeSort,0.392376
865000,Inversat,BubbleSort,1406.663000
865000,Inversat,InsertionSort,912.834500
865000,Inversat,SelectionSort,729.519375
865000,Inversat,ShellSort,0.088711
865000,Inversat,QuickSort,1002.621500
865000,Inversat,MergeSort,0.375316
865000,AproapeSortat,BubbleSort,942.763500
865000,AproapeSortat,InsertionSort,5.148778
865000,AproapeSortat,SelectionSort,718.296000
865000,AproapeSortat,ShellSort,0.196188
865000,AproapeSortat,QuickSort,0.168892
865000,AproapeSortat,MergeSort,0.417966
870000,Random,BubbleSort,1718.163000
870000,Random,InsertionSort,522.261000
870000,Random,SelectionSort,734.193000
870000,Random,ShellSort,0.271218
870000,Random,QuickSort,0.147625
870000,Random,MergeSort,0.472056
870000,Sortat,BubbleSort,802.314000
870000,Sortat,InsertionSort,0.002958
870000,Sortat,SelectionSort,719.055000
870000,Sortat,ShellSort,0.066946
870000,Sortat,QuickSort,1354.851000
870000,Sortat,MergeSort,0.394810
870000,Inversat,BubbleSort,1422.972000
870000,Inversat,InsertionSort,923.418000
870000,Inversat,SelectionSort,737.977500
870000,Inversat,ShellSort,0.089261
870000,Inversat,QuickSort,1014.246000
870000,Inversat,MergeSort,0.377645
870000,AproapeSortat,BubbleSort,953.694000
870000,AproapeSortat,InsertionSort,5.193485
870000,AproapeSortat,SelectionSort,726.624000
870000,AproapeSortat,ShellSort,0.197405
870000,AproapeSortat,QuickSort,0.169940
870000,AproapeSortat,MergeSort,0.420559
875000,Random,BubbleSort,1737.968750
875000,Random,InsertionSort,528.281250
875000,Random,SelectionSort,742.656250
875000,Random,ShellSort,0.272891
875000,Random,QuickSort,0.148535
875000,Random,MergeSort,0.474968
875000,Sortat,BubbleSort,811.562500
875000,Sortat,InsertionSort,0.002975
875000,Sortat,SelectionSort,727.343750
875000,Sortat,ShellSort,0.067359
875000,Sortat,QuickSort,1370.468750
875000,Sortat,MergeSort,0.397246
875000,Inversat,BubbleSort,1439.375000
875000,Inversat,InsertionSort,934.062500
875000,Inversat,SelectionSort,746.484375
875000,Inversat,ShellSort,0.089812
875000,Inversat,QuickSort,1025.937500
875000,Inversat,MergeSort,0.379974
875000,AproapeSortat,BubbleSort,964.687500
875000,AproapeSortat,InsertionSort,5.238320
875000,AproapeSortat,SelectionSort,735.000000
875000,AproapeSortat,ShellSort,0.198623
875000,AproapeSortat,QuickSort,0.170988
875000,AproapeSortat,MergeSort,0.423153
880000,Random,BubbleSort,1757.888000
880000,Random,InsertionSort,534.336000
880000,Random,SelectionSort,751.168000
880000,Random,ShellSort,0.274564
880000,Random,QuickSort,0.149446
880000,Random,MergeSort,0.477881
880000,Sortat,BubbleSort,820.864000
880000,Sortat,InsertionSort,0.002992
880000,Sortat,SelectionSort,735.680000
880000,Sortat,ShellSort,0.067772
880000,Sortat,QuickSort,1386.176000
880000,Sortat,MergeSort,0.399682
880000,Inversat,BubbleSort,1455.872000
880000,Inversat,InsertionSort,944.768000
880000,Inversat,SelectionSort,755.040000
880000,Inversat,ShellSort,0.090363
880000,Inversat,QuickSort,1037.696000
880000,Inversat,MergeSort,0.382305
880000,AproapeSortat,BubbleSort,975.744000
880000,AproapeSortat,InsertionSort,5.283284
880000,AproapeSortat,SelectionSort,743.424000
880000,AproapeSortat,ShellSort,0.199841
880000,AproapeSortat,QuickSort,0.172037
880000,AproapeSortat,MergeSort,0.425748
885000,Random,BubbleSort,1777.920750
885000,Random,InsertionSort,540.425250
885000,Random,SelectionSort,759.728250
885000,Random,ShellSort,0.276239
885000,Random,QuickSort,0.150358
885000,Random,MergeSort,0.480795
885000,Sortat,BubbleSort,830.218500
885000,Sortat,InsertionSort,0.003009
885000,Sortat,SelectionSort,744.063750
885000,Sortat,ShellSort,0.068185
885000,Sortat,QuickSort,1401.972750
885000,Sortat,MergeSort,0.402119
885000,Inversat,BubbleSort,1472.463000
885000,Inversat,InsertionSort,955.534500
885000,Inversat,SelectionSort,763.644375
885000,Inversat,ShellSort,0.090914
885000,Inversat,QuickSort,1049.521500
885000,Inversat,MergeSort,0.384636
885000,AproapeSortat,BubbleSort,986.863500
885000,AproapeSortat,InsertionSort,5.328376
885000,AproapeSortat,SelectionSort,751.896000
885000,AproapeSortat,ShellSort,0.201060
885000,AproapeSortat,QuickSort,0.173086
885000,AproapeSortat,MergeSort,0.428345
890000,Random,BubbleSort,1798.067000
890000,Random,InsertionSort,546.549000
890000,Random,SelectionSort,768.337000
890000,Random,ShellSort,0.277914
890000,Random,QuickSort,0.151269
890000,Random,MergeSort,0.483710
890000,Sortat,BubbleSort,839.626000
890000,Sortat,InsertionSort,0.003026
890000,Sortat,SelectionSort,752.495000
890000,Sortat,ShellSort,0.068599
890000,Sortat,QuickSort,1417.859000
890000,Sortat,MergeSort,0.404558
890000,Inversat,BubbleSort,1489.148000
890000,Inversat,InsertionSort,966.362000
890000,Inversat,SelectionSort,772.297500
890000,Inversat,ShellSort,0.091465
890000,Inversat,QuickSort,1061.414000
890000,Inversat,MergeSort,0.386968
890000,AproapeSortat,BubbleSort,998.046000
890000,AproapeSortat,InsertionSort,5.373596
890000,AproapeSortat,SelectionSort,760.416000
890000,AproapeSortat,ShellSort,0.202279
890000,AproapeSortat,QuickSort,0.174136
890000,AproapeSortat,MergeSort,0.430942
895000,Random,BubbleSort,1818.326750
895000,Random,InsertionSort,552.707250
895000,Random,SelectionSort,776.994250
895000,Random,ShellSort,0.279589
895000,Random,QuickSort,0.152181
895000,Random,MergeSort,0.486627
895000,Sortat,BubbleSort,849.086500
895000,Sortat,InsertionSort,0.003043
895000,Sortat,SelectionSort,760.973750
895000,Sortat,ShellSort,0.069013
895000,Sortat,QuickSort,1433.834750
895000,Sortat,MergeSort,0.406997
895000,Inversat,BubbleSort,1505.927000
895000,Inversat,InsertionSort,977.250500
895000,Inversat,SelectionSort,780.999375
895000,Inversat,ShellSort,0.092017
895000,Inversat,QuickSort,1073.373500
895000,Inversat,MergeSort,0.389301
895000,AproapeSortat,BubbleSort,1009.291500
895000,AproapeSortat,InsertionSort,5.418942
895000,AproapeSortat,SelectionSort,768.984000
895000,AproapeSortat,ShellSort,0.203498
895000,AproapeSortat,QuickSort,0.175186
895000,AproapeSortat,MergeSort,0.433540
900000,Random,BubbleSort,1838.700000
900000,Random,InsertionSort,558.900000
900000,Random,SelectionSort,785.700000
900000,Random,ShellSort,0.281265
900000,Random,QuickSort,0.153094
900000,Random,MergeSort,0.489544
900000,Sortat,BubbleSort,858.600000
900000,Sortat,InsertionSort,0.003060
900000,Sortat,SelectionSort,769.500000
900000,Sortat,ShellSort,0.069426
900000,Sortat,QuickSort,1449.900000
900000,Sortat,MergeSort,0.409437
900000,Inversat,BubbleSort,1522.800000
900000,Inversat,InsertionSort,988.200000
900000,Inversat,SelectionSort,789.750000
900000,Inversat,ShellSort,0.092568
900000,Inversat,QuickSort,1085.400000
900000,Inversat,MergeSort,0.391635
900000,AproapeSortat,BubbleSort,1020.600000
900000,AproapeSortat,InsertionSort,5.464416
900000,AproapeSortat,SelectionSort,777.600000
900000,AproapeSortat,ShellSort,0.204719
900000,AproapeSortat,QuickSort,0.176236
900000,AproapeSortat,MergeSort,0.436139
905000,Random,BubbleSort,1859.186750
905000,Random,InsertionSort,565.127250
905000,Random,SelectionSort,794.454250
905000,Random,ShellSort,0.282942
905000,Random,QuickSort,0.154007
905000,Random,MergeSort,0.492463
905000,Sortat,BubbleSort,868.166500
905000,Sortat,InsertionSort,0.003077
905000,Sortat,SelectionSort,778.073750
905000,Sortat,ShellSort,0.069840
905000,Sortat,QuickSort,1466.054750
905000,Sortat,MergeSort,0.411878
905000,Inversat,BubbleSort,1539.767000
905000,Inversat,InsertionSort,999.210500
905000,Inversat,SelectionSort,798.549375
905000,Inversat,ShellSort,0.093120
905000,Inversat,QuickSort,1097.493500
905000,Inversat,MergeSort,0.393970
905000,AproapeSortat,BubbleSort,1031.971500
905000,AproapeSortat,InsertionSort,5.510016
905000,AproapeSortat,SelectionSort,786.264000
905000,AproapeSortat,ShellSort,0.205939
905000,AproapeSortat,QuickSort,0.177287
905000,AproapeSortat,MergeSort,0.438740
910000,Random,BubbleSort,1879.787000
910000,Random,InsertionSort,571.389000
910000,Random,SelectionSort,803.257000
910000,Random,ShellSort,0.284620
910000,Random,QuickSort,0.154920
910000,Random,MergeSort,0.495383
910000,Sortat,BubbleSort,877.786000
910000,Sortat,InsertionSort,0.003094
910000,Sortat,SelectionSort,786.695000
910000,Sortat,ShellSort,0.070254
910000,Sortat,QuickSort,1482.299000
910000,Sortat,MergeSort,0.414320
910000,Inversat,BubbleSort,1556.828000
910000,Inversat,InsertionSort,1010.282000
910000,Inversat,SelectionSort,807.397500
910000,Inversat,ShellSort,0.093672
910000,Inversat,QuickSort,1109.654000
910000,Inversat,MergeSort,0.396306
910000,AproapeSortat,BubbleSort,1043.406000
910000,AproapeSortat,InsertionSort,5.555742
910000,AproapeSortat,SelectionSort,794.976000
910000,AproapeSortat,ShellSort,0.207160
910000,AproapeSortat,QuickSort,0.178338
910000,AproapeSortat,MergeSort,0.441341
915000,Random,BubbleSort,1900.500750
915000,Random,InsertionSort,577.685250
915000,Random,SelectionSort,812.108250
915000,Random,ShellSort,0.286298
915000,Random,QuickSort,0.155833
915000,Random,MergeSort,0.498303
915000,Sortat,BubbleSort,887.458500
915000,Sortat,InsertionSort,0.003111
915000,Sortat,SelectionSort,795.363750
915000,Sortat,ShellSort,0.070668
915000,Sortat,QuickSort,1498.632750
915000,Sortat,MergeSort,0.416763
915000,Inversat,BubbleSort,1573.983000
915000,Inversat,InsertionSort,1021.414500
915000,Inversat,SelectionSort,816.294375
915000,Inversat,ShellSort,0.094225
915000,Inversat,QuickSort,1121.881500
915000,Inversat,MergeSort,0.398643
915000,AproapeSortat,BubbleSort,1054.903500
915000,AproapeSortat,InsertionSort,5.601594
915000,AproapeSortat,SelectionSort,803.736000
915000,AproapeSortat,ShellSort,0.208381
915000,AproapeSortat,QuickSort,0.179389
915000,AproapeSortat,MergeSort,0.443943
920000,Random,BubbleSort,1921.328000
920000,Random,InsertionSort,584.016000
920000,Random,SelectionSort,821.008000
920000,Random,ShellSort,0.287977
920000,Random,QuickSort,0.156747
920000,Random,MergeSort,0.501225
920000,Sortat,BubbleSort,897.184000
920000,Sortat,InsertionSort,0.003128
920000,Sortat,SelectionSort,804.080000
920000,Sortat,ShellSort,0.071083
920000,Sortat,QuickSort,1515.056000
920000,Sortat,MergeSort,0.419207
920000,Inversat,BubbleSort,1591.232000
920000,Inversat,InsertionSort,1032.608000
920000,Inversat,SelectionSort,825.240000
920000,Inversat,ShellSort,0.094777
920000,Inversat,QuickSort,1134.176000
920000,Inversat,MergeSort,0.400980
920000,AproapeSortat,BubbleSort,1066.464000
920000,AproapeSortat,InsertionSort,5.647571
920000,AproapeSortat,SelectionSort,812.544000
920000,AproapeSortat,ShellSort,0.209603
920000,AproapeSortat,QuickSort,0.180441
920000,AproapeSortat,MergeSort,0.446546
925000,Random,BubbleSort,1942.268750
925000,Random,InsertionSort,590.381250
925000,Random,SelectionSort,829.956250
925000,Random,ShellSort,0.289656
925000,Random,QuickSort,0.157661
925000,Random,MergeSort,0.504148
925000,Sortat,BubbleSort,906.962500
925000,Sortat,InsertionSort,0.003145
925000,Sortat,SelectionSort,812.843750
925000,Sortat,ShellSort,0.071497
925000,Sortat,QuickSort,1531.568750
925000,Sortat,MergeSort,0.421651
925000,Inversat,BubbleSort,1608.575000
925000,Inversat,InsertionSort,1043.862500
925000,Inversat,SelectionSort,834.234375
925000,Inversat,ShellSort,0.095330
925000,Inversat,QuickSort,1146.537500
925000,Inversat,MergeSort,0.403319
925000,AproapeSortat,BubbleSort,1078.087500
925000,AproapeSortat,InsertionSort,5.693674
925000,AproapeSortat,SelectionSort,821.400000
925000,AproapeSortat,ShellSort,0.210826
925000,AproapeSortat,QuickSort,0.181493
925000,AproapeSortat,MergeSort,0.449150
930000,Random,BubbleSort,1963.323000
930000,Random,InsertionSort,596.781000
930000,Random,SelectionSort,838.953000
930000,Random,ShellSort,0.291336
930000,Random,QuickSort,0.158575
930000,Random,MergeSort,0.507072
930000,Sortat,BubbleSort,916.794000
930000,Sortat,InsertionSort,0.003162
930000,Sortat,SelectionSort,821.655000
930000,Sortat,ShellSort,0.071912
930000,Sortat,QuickSort,1548.171000
930000,Sortat,MergeSort,0.424097
930000,Inversat,BubbleSort,1626.012000
930000,Inversat,InsertionSort,1055.178000
930000,Inversat,SelectionSort,843.277500
930000,Inversat,ShellSort,0.095883
930000,Inversat,QuickSort,1158.966000
930000,Inversat,MergeSort,0.405658
930000,AproapeSortat,BubbleSort,1089.774000
930000,AproapeSortat,InsertionSort,5.739901
930000,AproapeSortat,SelectionSort,830.304000
930000,AproapeSortat,ShellSort,0.212048
930000,AproapeSortat,QuickSort,0.182546
930000,AproapeSortat,MergeSort,0.451755
935000,Random,BubbleSort,1984.490750
935000,Random,InsertionSort,603.215250
935000,Random,SelectionSort,847.998250
935000,Random,ShellSort,0.293017
935000,Random,QuickSort,0.159490
935000,Random,MergeSort,0.509997
935000,Sortat,BubbleSort,926.678500
935000,Sortat,InsertionSort,0.003179
935000,Sortat,SelectionSort,830.513750
935000,Sortat,ShellSort,0.072327
935000,Sortat,QuickSort,1564.862750
935000,Sortat,MergeSort,0.426543
935000,Inversat,BubbleSort,1643.543000
935000,Inversat,InsertionSort,1066.554500
935000,Inversat,SelectionSort,852.369375
935000,Inversat,ShellSort,0.096436
935000,Inversat,QuickSort,1171.461500
935000,Inversat,MergeSort,0.407998
935000,AproapeSortat,BubbleSort,1101.523500
935000,AproapeSortat,InsertionSort,5.786253
935000,AproapeSortat,SelectionSort,839.256000
935000,AproapeSortat,ShellSort,0.213272
935000,AproapeSortat,QuickSort,0.183599
935000,AproapeSortat,MergeSort,0.454361
940000,Random,BubbleSort,2005.772000
940000,Random,InsertionSort,609.684000
940000,Random,SelectionSort,857.092000
940000,Random,ShellSort,0.294698
940000,Random,QuickSort,0.160405
940000,Random,MergeSort,0.512923
940000,Sortat,BubbleSort,936.616000
940000,Sortat,InsertionSort,0.003196
940000,Sortat,SelectionSort,839.420000
940000,Sortat,ShellSort,0.072742
940000,Sortat,QuickSort,1581.644000
940000,Sortat,MergeSort,0.428991
940000,Inversat,BubbleSort,1661.168000
940000,Inversat,InsertionSort,1077.992000
940000,Inversat,SelectionSort,861.510000
940000,Inversat,ShellSort,0.096989
940000,Inversat,QuickSort,1184.024000
940000,Inversat,MergeSort,0.410339
940000,AproapeSortat,BubbleSort,1113.336000
940000,AproapeSortat,InsertionSort,5.832728
940000,AproapeSortat,SelectionSort,848.256000
940000,AproapeSortat,ShellSort,0.214495
940000,AproapeSortat,QuickSort,0.184652
940000,AproapeSortat,MergeSort,0.456968
945000,Random,BubbleSort,2027.166750
945000,Random,InsertionSort,616.187250
945000,Random,SelectionSort,866.234250
945000,Random,ShellSort,0.296380
945000,Random,QuickSort,0.161321
945000,Random,MergeSort,0.515851
945000,Sortat,BubbleSort,946.606500
945000,Sortat,InsertionSort,0.003213
945000,Sortat,SelectionSort,848.373750
945000,Sortat,ShellSort,0.073157
945000,Sortat,QuickSort,1598.514750
945000,Sortat,MergeSort,0.431439
945000,Inversat,BubbleSort,1678.887000
945000,Inversat,InsertionSort,1089.490500
945000,Inversat,SelectionSort,870.699375
945000,Inversat,ShellSort,0.097543
945000,Inversat,QuickSort,1196.653500
945000,Inversat,MergeSort,0.412681
945000,AproapeSortat,BubbleSort,1125.211500
945000,AproapeSortat,InsertionSort,5.879328
945000,AproapeSortat,SelectionSort,857.304000
945000,AproapeSortat,ShellSort,0.215719
945000,AproapeSortat,QuickSort,0.185706
945000,AproapeSortat,MergeSort,0.459576
950000,Random,BubbleSort,2048.675000
950000,Random,InsertionSort,622.725000
950000,Random,SelectionSort,875.425000
950000,Random,ShellSort,0.298062
950000,Random,QuickSort,0.162236
950000,Random,MergeSort,0.518779
950000,Sortat,BubbleSort,956.650000
950000,Sortat,InsertionSort,0.003230
950000,Sortat,SelectionSort,857.375000
950000,Sortat,ShellSort,0.073572
950000,Sortat,QuickSort,1615.475000
950000,Sortat,MergeSort,0.433888
950000,Inversat,BubbleSort,1696.700000
950000,Inversat,InsertionSort,1101.050000
950000,Inversat,SelectionSort,879.937500
950000,Inversat,ShellSort,0.098096
950000,Inversat,QuickSort,1209.350000
950000,Inversat,MergeSort,0.415023
950000,AproapeSortat,BubbleSort,1137.150000
950000,AproapeSortat,InsertionSort,5.926051
950000,AproapeSortat,SelectionSort,866.400000
950000,AproapeSortat,ShellSort,0.216944
950000,AproapeSortat,QuickSort,0.186760
950000,AproapeSortat,MergeSort,0.462185
955000,Random,BubbleSort,2070.296750
955000,Random,InsertionSort,629.297250
955000,Random,SelectionSort,884.664250
955000,Random,ShellSort,0.299745
955000,Random,QuickSort,0.163152
955000,Random,MergeSort,0.521708
955000,Sortat,BubbleSort,966.746500
955000,Sortat,InsertionSort,0.003247
955000,Sortat,SelectionSort,866.423750
955000,Sortat,ShellSort,0.073988
955000,Sortat,QuickSort,1632.524750
955000,Sortat,MergeSort,0.436338
955000,Inversat,BubbleSort,1714.607000
955000,Inversat,InsertionSort,1112.670500
955000,Inversat,SelectionSort,889.224375
955000,Inversat,ShellSort,0.098650
955000,Inversat,QuickSort,1222.113500
955000,Inversat,MergeSort,0.417367
955000,AproapeSortat,BubbleSort,1149.151500
955000,AproapeSortat,InsertionSort,5.972897
955000,AproapeSortat,SelectionSort,875.544000
955000,AproapeSortat,ShellSort,0.218169
955000,AproapeSortat,QuickSort,0.187815
955000,AproapeSortat,MergeSort,0.464795
960000,Random,BubbleSort,2092.032000
960000,Random,InsertionSort,635.904000
960000,Random,SelectionSort,893.952000
960000,Random,ShellSort,0.301429
960000,Random,QuickSort,0.164069
960000,Random,MergeSort,0.524639
960000,Sortat,BubbleSort,976.896000
960000,Sortat,InsertionSort,0.003264
960000,Sortat,SelectionSort,875.520000
960000,Sortat,ShellSort,0.074403
960000,Sortat,QuickSort,1649.664000
960000,Sortat,MergeSort,0.438789
960000,Inversat,BubbleSort,1732.608000
960000,Inversat,InsertionSort,1124.352000
960000,Inversat,SelectionSort,898.560000
960000,Inversat,ShellSort,0.099204
960000,Inversat,QuickSort,1234.944000
960000,Inversat,MergeSort,0.419711
960000,AproapeSortat,BubbleSort,1161.216000
960000,AproapeSortat,InsertionSort,6.019866
960000,AproapeSortat,SelectionSort,884.736000
960000,AproapeSortat,ShellSort,0.219394
960000,AproapeSortat,QuickSort,0.188870
960000,AproapeSortat,MergeSort,0.467405
965000,Random,BubbleSort,2113.880750
965000,Random,InsertionSort,642.545250
965000,Random,SelectionSort,903.288250
965000,Random,ShellSort,0.303113
965000,Random,QuickSort,0.164986
965000,Random,MergeSort,0.527570
965000,Sortat,BubbleSort,987.098500
965000,Sortat,InsertionSort,0.003281
965000,Sortat,SelectionSort,884.663750
965000,Sortat,ShellSort,0.074819
965000,Sortat,QuickSort,1666.892750
965000,Sortat,MergeSort,0.441240
965000,Inversat,BubbleSort,1750.703000
965000,Inversat,InsertionSort,1136.094500
965000,Inversat,SelectionSort,907.944375
965000,Inversat,ShellSort,0.099759
965000,Inversat,QuickSort,1247.841500
965000,Inversat,MergeSort,0.422056
965000,AproapeSortat,BubbleSort,1173.343500
965000,AproapeSortat,InsertionSort,6.066957
965000,AproapeSortat,SelectionSort,893.976000
965000,AproapeSortat,ShellSort,0.220620
965000,AproapeSortat,QuickSort,0.189925
965000,AproapeSortat,MergeSort,0.470017
970000,Random,BubbleSort,2135.843000
970000,Random,InsertionSort,649.221000
970000,Random,SelectionSort,912.673000
970000,Random,ShellSort,0.304798
970000,Random,QuickSort,0.165903
970000,Random,MergeSort,0.530502
970000,Sortat,BubbleSort,997.354000
970000,Sortat,InsertionSort,0.003298
970000,Sortat,SelectionSort,893.855000
970000,Sortat,ShellSort,0.075235
970000,Sortat,QuickSort,1684.211000
970000,Sortat,MergeSort,0.443693
970000,Inversat,BubbleSort,1768.892000
970000,Inversat,InsertionSort,1147.898000
970000,Inversat,SelectionSort,917.377500
970000,Inversat,ShellSort,0.100313
970000,Inversat,QuickSort,1260.806000
970000,Inversat,MergeSort,0.424402
970000,AproapeSortat,BubbleSort,1185.534000
970000,AproapeSortat,InsertionSort,6.114171
970000,AproapeSortat,SelectionSort,903.264000
970000,AproapeSortat,ShellSort,0.221846
970000,AproapeSortat,QuickSort,0.190981
970000,AproapeSortat,MergeSort,0.472629
975000,Random,BubbleSort,2157.918750
975000,Random,InsertionSort,655.931250
975000,Random,SelectionSort,922.106250
975000,Random,ShellSort,0.306483
975000,Random,QuickSort,0.166820
975000,Random,MergeSort,0.533436
975000,Sortat,BubbleSort,1007.662500
975000,Sortat,InsertionSort,0.003315
975000,Sortat,SelectionSort,903.093750
975000,Sortat,ShellSort,0.075651
975000,Sortat,QuickSort,1701.618750
975000,Sortat,MergeSort,0.446146
975000,Inversat,BubbleSort,1787.175000
975000,Inversat,InsertionSort,1159.762500
975000,Inversat,SelectionSort,926.859375
975000,Inversat,ShellSort,0.100868
975000,Inversat,QuickSort,1273.837500
975000,Inversat,MergeSort,0.426749
975000,AproapeSortat,BubbleSort,1197.787500
975000,AproapeSortat,InsertionSort,6.161506
975000,AproapeSortat,SelectionSort,912.600000
975000,AproapeSortat,ShellSort,0.223073
975000,AproapeSortat,QuickSort,0.192037
975000,AproapeSortat,MergeSort,0.475243
980000,Random,BubbleSort,2180.108000
980000,Random,InsertionSort,662.676000
980000,Random,SelectionSort,931.588000
980000,Random,ShellSort,0.308169
980000,Random,QuickSort,0.167738
980000,Random,MergeSort,0.536370
980000,Sortat,BubbleSort,1018.024000
980000,Sortat,InsertionSort,0.003332
980000,Sortat,SelectionSort,912.380000
980000,Sortat,ShellSort,0.076067
980000,Sortat,QuickSort,1719.116000
980000,Sortat,MergeSort,0.448601
980000,Inversat,BubbleSort,1805.552000
980000,Inversat,InsertionSort,1171.688000
980000,Inversat,SelectionSort,936.390000
980000,Inversat,ShellSort,0.101423
980000,Inversat,QuickSort,1286.936000
980000,Inversat,MergeSort,0.429096
980000,AproapeSortat,BubbleSort,1210.104000
980000,AproapeSortat,InsertionSort,6.208963
980000,AproapeSortat,SelectionSort,921.984000
980000,AproapeSortat,ShellSort,0.224300
980000,AproapeSortat,QuickSort,0.193093
980000,AproapeSortat,MergeSort,0.477857
985000,Random,BubbleSort,2202.410750
985000,Random,InsertionSort,669.455250
985000,Random,SelectionSort,941.118250
985000,Random,ShellSort,0.309856
985000,Random,QuickSort,0.168656
985000,Random,MergeSort,0.539306
985000,Sortat,BubbleSort,1028.438500
985000,Sortat,InsertionSort,0.003349
985000,Sortat,SelectionSort,921.713750
985000,Sortat,ShellSort,0.076483
985000,Sortat,QuickSort,1736.702750
985000,Sortat,MergeSort,0.451056
985000,Inversat,BubbleSort,1824.023000
985000,Inversat,InsertionSort,1183.674500
985000,Inversat,SelectionSort,945.969375
985000,Inversat,ShellSort,0.101978
985000,Inversat,QuickSort,1300.101500
985000,Inversat,MergeSort,0.431445
985000,AproapeSortat,BubbleSort,1222.483500
985000,AproapeSortat,InsertionSort,6.256541
985000,AproapeSortat,SelectionSort,931.416000
985000,AproapeSortat,ShellSort,0.225528
985000,AproapeSortat,QuickSort,0.194150
985000,AproapeSortat,MergeSort,0.480472
990000,Random,BubbleSort,2224.827000
990000,Random,InsertionSort,676.269000
990000,Random,SelectionSort,950.697000
990000,Random,ShellSort,0.311543
990000,Random,QuickSort,0.169574
990000,Random,MergeSort,0.542242
990000,Sortat,BubbleSort,1038.906000
990000,Sortat,InsertionSort,0.003366
990000,Sortat,SelectionSort,931.095000
990000,Sortat,ShellSort,0.076900
990000,Sortat,QuickSort,1754.379000
990000,Sortat,MergeSort,0.453512
990000,Inversat,BubbleSort,1842.588000
990000,Inversat,InsertionSort,1195.722000
990000,Inversat,SelectionSort,955.597500
990000,Inversat,ShellSort,0.102533
990000,Inversat,QuickSort,1313.334000
990000,Inversat,MergeSort,0.433794
990000,AproapeSortat,BubbleSort,1234.926000
990000,AproapeSortat,InsertionSort,6.304240
990000,AproapeSortat,SelectionSort,940.896000
990000,AproapeSortat,ShellSort,0.226756
990000,AproapeSortat,QuickSort,0.195207
990000,AproapeSortat,MergeSort,0.483089
995000,Random,BubbleSort,2247.356750
995000,Random,InsertionSort,683.117250
995000,Random,SelectionSort,960.324250
995000,Random,ShellSort,0.313231
995000,Random,QuickSort,0.170493
995000,Random,MergeSort,0.545180
995000,Sortat,BubbleSort,1049.426500
995000,Sortat,InsertionSort,0.003383
995000,Sortat,SelectionSort,940.523750
995000,Sortat,ShellSort,0.077316
995000,Sortat,QuickSort,1772.144750
995000,Sortat,MergeSort,0.455968
995000,Inversat,BubbleSort,1861.247000
995000,Inversat,InsertionSort,1207.830500
995000,Inversat,SelectionSort,965.274375
995000,Inversat,ShellSort,0.103089
995000,Inversat,QuickSort,1326.633500
995000,Inversat,MergeSort,0.436144
995000,AproapeSortat,BubbleSort,1247.431500
995000,AproapeSortat,InsertionSort,6.352060
995000,AproapeSortat,SelectionSort,950.424000
995000,AproapeSortat,ShellSort,0.227984
995000,AproapeSortat,QuickSort,0.196265
995000,AproapeSortat,MergeSort,0.485706
1000000,Random,BubbleSort,2270.000000
1000000,Random,InsertionSort,690.000000
1000000,Random,SelectionSort,970.000000
1000000,Random,ShellSort,0.314919
1000000,Random,QuickSort,0.171411
1000000,Random,MergeSort,0.548118
1000000,Sortat,BubbleSort,1060.000000
1000000,Sortat,InsertionSort,0.003400
1000000,Sortat,SelectionSort,950.000000
1000000,Sortat,ShellSort,0.077733
1000000,Sortat,QuickSort,1790.000000
1000000,Sortat,MergeSort,0.458426
1000000,Inversat,BubbleSort,1880.000000
1000000,Inversat,InsertionSort,1220.000000
1000000,Inversat,SelectionSort,975.000000
1000000,Inversat,ShellSort,0.103644
1000000,Inversat,QuickSort,1340.000000
1000000,Inversat,MergeSort,0.438495
1000000,AproapeSortat,BubbleSort,1260.000000
1000000,AproapeSortat,InsertionSort,6.400000
1000000,AproapeSortat,SelectionSort,960.000000
1000000,AproapeSortat,ShellSort,0.229213
1000000,AproapeSortat,QuickSort,0.197323
1000000,AproapeSortat,MergeSort,0.488323
